ids,labels
0,30
1,80
2,55
3,51
4,71
5,4
6,27
7,74
8,71
9,83
10,87
11,27
12,81
13,69
14,40
15,43
16,92
17,97
18,70
19,53
20,70
21,39
22,75
23,59
24,21
25,16
26,39
27,8
28,8
29,28
30,20
31,61
32,41
33,73
34,56
35,27
36,45
37,35
38,25
39,90
40,63
41,9
42,39
43,23
44,56
45,22
46,48
47,81
48,21
49,76
50,2
51,6
52,18
53,98
54,98
55,51
56,71
57,52
58,42
59,30
60,77
61,67
62,31
63,33
64,45
65,45
66,97
67,70
68,63
69,92
70,66
71,89
72,36
73,91
74,67
75,32
76,82
77,10
78,77
79,61
80,71
81,5
82,54
83,79
84,54
85,89
86,99
87,59
88,84
89,73
90,21
91,9
92,27
93,46
94,90
95,74
96,97
97,7
98,37
99,43
100,42
101,53
102,47
103,39
104,43
105,69
106,76
107,17
108,53
109,59
110,25
111,20
112,27
113,0
114,9
115,71
116,8
117,43
118,57
119,56
120,85
121,2
122,38
123,62
124,33
125,25
126,21
127,66
128,1
129,46
130,10
131,16
132,90
133,74
134,42
135,91
136,60
137,38
138,52
139,23
140,74
141,11
142,52
143,27
144,3
145,95
146,37
147,39
148,91
149,58
150,89
151,61
152,97
153,60
154,45
155,66
156,85
157,20
158,24
159,42
160,36
161,8
162,44
163,40
164,21
165,47
166,54
167,50
168,43
169,83
170,9
171,45
172,27
173,21
174,95
175,45
176,95
177,73
178,18
179,40
180,97
181,66
182,22
183,77
184,50
185,38
186,98
187,59
188,45
189,70
190,13
191,7
192,45
193,13
194,94
195,24
196,90
197,42
198,7
199,87
200,6
201,27
202,68
203,60
204,6
205,23
206,24
207,31
208,55
209,63
210,30
211,46
212,17
213,33
214,97
215,96
216,57
217,30
218,83
219,81
220,87
221,49
222,23
223,77
224,12
225,30
226,0
227,17
228,80
229,71
230,69
231,0
232,52
233,24
234,65
235,70
236,63
237,43
238,82
239,31
240,23
241,24
242,34
243,21
244,46
245,62
246,80
247,13
248,4
249,39
250,91
251,16
252,61
253,22
254,24
255,66
256,27
257,85
258,34
259,88
260,80
261,76
262,90
263,55
264,66
265,91
266,1
267,1
268,44
269,13
270,99
271,51
272,52
273,96
274,42
275,91
276,67
277,28
278,69
279,62
280,78
281,84
282,28
283,85
284,95
285,78
286,18
287,38
288,42
289,51
290,27
291,38
292,87
293,27
294,96
295,12
296,13
297,67
298,42
299,48
300,52
301,69
302,40
303,24
304,30
305,38
306,76
307,31
308,80
309,28
310,97
311,18
312,41
313,42
314,80
315,15
316,27
317,64
318,43
319,8
320,17
321,4
322,88
323,67
324,12
325,57
326,31
327,62
328,94
329,89
330,71
331,36
332,61
333,62
334,65
335,60
336,67
337,91
338,97
339,73
340,61
341,54
342,68
343,62
344,99
345,66
346,21
347,24
348,67
349,4
350,68
351,43
352,49
353,89
354,48
355,40
356,63
357,14
358,35
359,42
360,27
361,39
362,60
363,94
364,63
365,61
366,88
367,54
368,59
369,27
370,89
371,33
372,40
373,19
374,87
375,86
376,7
377,0
378,94
379,50
380,26
381,6
382,41
383,72
384,69
385,74
386,64
387,73
388,85
389,61
390,40
391,57
392,15
393,30
394,42
395,27
396,4
397,68
398,52
399,95
400,40
401,85
402,36
403,71
404,6
405,57
406,95
407,16
408,91
409,78
410,40
411,47
412,71
413,29
414,38
415,97
416,34
417,89
418,53
419,42
420,21
421,85
422,80
423,96
424,71
425,42
426,65
427,61
428,74
429,3
430,44
431,57
432,69
433,91
434,41
435,19
436,15
437,30
438,61
439,10
440,22
441,50
442,93
443,85
444,6
445,85
446,38
447,78
448,29
449,13
450,24
451,47
452,10
453,41
454,35
455,86
456,42
457,51
458,7
459,94
460,81
461,87
462,76
463,22
464,62
465,27
466,96
467,17
468,6
469,0
470,79
471,97
472,38
473,48
474,4
475,54
476,27
477,42
478,4
479,25
480,85
481,75
482,63
483,41
484,0
485,67
486,38
487,87
488,73
489,72
490,43
491,94
492,60
493,3
494,74
495,30
496,77
497,19
498,89
499,71
500,97
501,44
502,90
503,9
504,21
505,41
506,38
507,58
508,47
509,95
510,68
511,11
512,36
513,73
514,54
515,53
516,73
517,36
518,70
519,70
520,27
521,81
522,78
523,37
524,62
525,11
526,95
527,42
528,63
529,51
530,56
531,63
532,78
533,76
534,98
535,80
536,76
537,89
538,99
539,53
540,43
541,51
542,2
543,27
544,67
545,67
546,81
547,54
548,60
549,4
550,96
551,35
552,69
553,3
554,42
555,42
556,62
557,56
558,63
559,47
560,64
561,4
562,20
563,45
564,4
565,17
566,36
567,45
568,45
569,78
570,36
571,68
572,8
573,2
574,26
575,12
576,51
577,38
578,81
579,67
580,77
581,87
582,82
583,61
584,0
585,41
586,54
587,27
588,24
589,98
590,27
591,81
592,91
593,88
594,82
595,24
596,6
597,73
598,1
599,42
600,11
601,55
602,6
603,86
604,43
605,88
606,66
607,4
608,97
609,34
610,39
611,82
612,81
613,20
614,0
615,48
616,28
617,50
618,61
619,58
620,49
621,39
622,76
623,0
624,17
625,80
626,48
627,34
628,93
629,82
630,75
631,96
632,97
633,61
634,62
635,60
636,61
637,32
638,10
639,5
640,89
641,76
642,85
643,68
644,8
645,82
646,85
647,94
648,74
649,87
650,15
651,66
652,89
653,97
654,43
655,35
656,84
657,5
658,56
659,2
660,86
661,48
662,94
663,80
664,87
665,82
666,17
667,63
668,94
669,75
670,30
671,30
672,83
673,77
674,1
675,28
676,79
677,91
678,4
679,68
680,54
681,14
682,91
683,0
684,97
685,45
686,14
687,21
688,49
689,63
690,30
691,5
692,86
693,82
694,75
695,10
696,74
697,25
698,73
699,78
700,42
701,97
702,97
703,10
704,79
705,42
706,27
707,39
708,44
709,90
710,74
711,13
712,97
713,1
714,82
715,57
716,74
717,19
718,96
719,57
720,97
721,76
722,60
723,75
724,2
725,73
726,61
727,75
728,62
729,19
730,61
731,6
732,90
733,12
734,94
735,42
736,40
737,19
738,83
739,36
740,30
741,57
742,78
743,27
744,61
745,41
746,88
747,83
748,11
749,82
750,74
751,9
752,48
753,70
754,4
755,71
756,88
757,78
758,10
759,24
760,85
761,94
762,96
763,60
764,36
765,80
766,82
767,17
768,54
769,90
770,76
771,39
772,95
773,24
774,7
775,64
776,70
777,63
778,81
779,0
780,12
781,72
782,82
783,79
784,86
785,71
786,22
787,8
788,82
789,14
790,48
791,78
792,72
793,57
794,64
795,1
796,37
797,94
798,53
799,63
800,87
801,23
802,46
803,85
804,99
805,78
806,86
807,53
808,81
809,50
810,36
811,17
812,26
813,52
814,63
815,93
816,6
817,36
818,6
819,7
820,42
821,4
822,13
823,22
824,68
825,54
826,83
827,61
828,36
829,23
830,11
831,6
832,33
833,19
834,26
835,76
836,76
837,23
838,32
839,39
840,5
841,47
842,98
843,19
844,52
845,74
846,21
847,63
848,53
849,21
850,98
851,6
852,88
853,71
854,65
855,1
856,90
857,20
858,24
859,93
860,99
861,60
862,16
863,67
864,9
865,10
866,98
867,68
868,24
869,53
870,55
871,88
872,43
873,53
874,32
875,88
876,7
877,77
878,54
879,36
880,20
881,26
882,59
883,34
884,92
885,26
886,27
887,2
888,33
889,69
890,36
891,18
892,90
893,27
894,52
895,37
896,99
897,19
898,90
899,27
900,27
901,39
902,15
903,9
904,96
905,99
906,87
907,28
908,99
909,42
910,27
911,23
912,8
913,56
914,52
915,64
916,98
917,72
918,44
919,3
920,29
921,89
922,37
923,58
924,52
925,96
926,65
927,52
928,14
929,63
930,11
931,60
932,9
933,68
934,22
935,23
936,77
937,63
938,54
939,97
940,23
941,54
942,1
943,56
944,23
945,42
946,85
947,50
948,22
949,47
950,52
951,23
952,42
953,51
954,10
955,5
956,71
957,13
958,30
959,34
960,38
961,52
962,93
963,34
964,6
965,49
966,95
967,52
968,53
969,34
970,60
971,63
972,10
973,24
974,65
975,69
976,82
977,90
978,70
979,34
980,34
981,43
982,43
983,74
984,81
985,27
986,97
987,35
988,2
989,21
990,49
991,33
992,89
993,37
994,45
995,48
996,36
997,12
998,53
999,91
1000,65
1001,23
1002,94
1003,53
1004,31
1005,85
1006,7
1007,93
1008,30
1009,82
1010,0
1011,34
1012,50
1013,93
1014,0
1015,5
1016,37
1017,64
1018,50
1019,27
1020,74
1021,52
1022,34
1023,89
1024,23
1025,85
1026,97
1027,0
1028,3
1029,41
1030,21
1031,86
1032,26
1033,66
1034,85
1035,65
1036,13
1037,67
1038,3
1039,30
1040,86
1041,61
1042,6
1043,89
1044,88
1045,57
1046,79
1047,35
1048,78
1049,26
1050,11
1051,15
1052,63
1053,30
1054,20
1055,72
1056,81
1057,27
1058,49
1059,72
1060,19
1061,31
1062,57
1063,60
1064,60
1065,36
1066,23
1067,50
1068,85
1069,15
1070,41
1071,63
1072,43
1073,20
1074,59
1075,95
1076,20
1077,31
1078,7
1079,56
1080,7
1081,48
1082,92
1083,89
1084,74
1085,15
1086,23
1087,73
1088,59
1089,52
1090,29
1091,64
1092,75
1093,93
1094,90
1095,0
1096,48
1097,82
1098,40
1099,68
1100,55
1101,66
1102,97
1103,63
1104,76
1105,33
1106,54
1107,23
1108,33
1109,49
1110,1
1111,92
1112,44
1113,69
1114,24
1115,82
1116,5
1117,47
1118,40
1119,86
1120,3
1121,33
1122,82
1123,66
1124,64
1125,75
1126,35
1127,61
1128,85
1129,69
1130,9
1131,71
1132,47
1133,38
1134,27
1135,41
1136,0
1137,62
1138,70
1139,27
1140,80
1141,94
1142,5
1143,32
1144,52
1145,13
1146,2
1147,32
1148,17
1149,74
1150,52
1151,15
1152,11
1153,49
1154,66
1155,58
1156,27
1157,92
1158,52
1159,10
1160,48
1161,96
1162,45
1163,71
1164,67
1165,32
1166,95
1167,24
1168,46
1169,98
1170,31
1171,53
1172,84
1173,2
1174,52
1175,51
1176,3
1177,79
1178,60
1179,66
1180,23
1181,79
1182,14
1183,4
1184,15
1185,30
1186,63
1187,15
1188,37
1189,27
1190,66
1191,45
1192,21
1193,53
1194,12
1195,96
1196,42
1197,21
1198,52
1199,21
1200,43
1201,80
1202,4
1203,98
1204,54
1205,76
1206,27
1207,29
1208,41
1209,14
1210,41
1211,77
1212,37
1213,60
1214,26
1215,10
1216,31
1217,19
1218,85
1219,23
1220,47
1221,79
1222,34
1223,60
1224,42
1225,62
1226,31
1227,34
1228,36
1229,30
1230,72
1231,82
1232,88
1233,7
1234,38
1235,80
1236,54
1237,47
1238,35
1239,45
1240,7
1241,32
1242,17
1243,40
1244,24
1245,6
1246,16
1247,76
1248,43
1249,28
1250,98
1251,96
1252,67
1253,64
1254,88
1255,54
1256,10
1257,91
1258,70
1259,36
1260,89
1261,89
1262,27
1263,66
1264,42
1265,53
1266,74
1267,77
1268,59
1269,99
1270,98
1271,58
1272,13
1273,51
1274,5
1275,56
1276,33
1277,48
1278,92
1279,95
1280,60
1281,15
1282,97
1283,50
1284,81
1285,67
1286,41
1287,11
1288,8
1289,41
1290,7
1291,49
1292,59
1293,49
1294,35
1295,22
1296,17
1297,97
1298,90
1299,36
1300,97
1301,43
1302,3
1303,45
1304,0
1305,74
1306,33
1307,30
1308,0
1309,65
1310,36
1311,15
1312,74
1313,78
1314,22
1315,51
1316,6
1317,70
1318,9
1319,9
1320,34
1321,48
1322,71
1323,87
1324,42
1325,7
1326,91
1327,58
1328,21
1329,8
1330,70
1331,5
1332,77
1333,5
1334,19
1335,47
1336,63
1337,63
1338,2
1339,28
1340,86
1341,20
1342,88
1343,38
1344,43
1345,97
1346,59
1347,78
1348,35
1349,42
1350,6
1351,98
1352,27
1353,30
1354,23
1355,68
1356,84
1357,52
1358,17
1359,79
1360,47
1361,12
1362,94
1363,81
1364,76
1365,91
1366,3
1367,10
1368,18
1369,52
1370,14
1371,98
1372,41
1373,0
1374,42
1375,50
1376,43
1377,72
1378,93
1379,27
1380,53
1381,25
1382,90
1383,87
1384,59
1385,29
1386,27
1387,33
1388,80
1389,5
1390,80
1391,41
1392,78
1393,23
1394,91
1395,52
1396,81
1397,43
1398,48
1399,2
1400,63
1401,92
1402,42
1403,88
1404,48
1405,80
1406,25
1407,43
1408,48
1409,42
1410,87
1411,63
1412,12
1413,25
1414,95
1415,94
1416,33
1417,52
1418,5
1419,83
1420,99
1421,68
1422,28
1423,31
1424,47
1425,43
1426,96
1427,13
1428,22
1429,36
1430,48
1431,63
1432,18
1433,43
1434,20
1435,87
1436,91
1437,36
1438,9
1439,42
1440,19
1441,57
1442,7
1443,93
1444,46
1445,58
1446,44
1447,61
1448,67
1449,13
1450,21
1451,56
1452,4
1453,42
1454,77
1455,27
1456,62
1457,36
1458,17
1459,28
1460,61
1461,98
1462,3
1463,48
1464,81
1465,71
1466,95
1467,66
1468,46
1469,8
1470,9
1471,25
1472,70
1473,54
1474,31
1475,86
1476,77
1477,76
1478,13
1479,40
1480,7
1481,91
1482,97
1483,26
1484,51
1485,53
1486,28
1487,9
1488,87
1489,87
1490,97
1491,58
1492,26
1493,31
1494,54
1495,39
1496,75
1497,96
1498,43
1499,21
1500,86
1501,96
1502,65
1503,19
1504,26
1505,14
1506,26
1507,12
1508,94
1509,24
1510,17
1511,97
1512,95
1513,95
1514,9
1515,43
1516,85
1517,31
1518,78
1519,2
1520,4
1521,63
1522,76
1523,75
1524,21
1525,20
1526,54
1527,4
1528,86
1529,88
1530,63
1531,31
1532,45
1533,54
1534,69
1535,47
1536,1
1537,10
1538,26
1539,73
1540,84
1541,36
1542,6
1543,90
1544,59
1545,48
1546,61
1547,97
1548,25
1549,8
1550,14
1551,30
1552,17
1553,3
1554,95
1555,7
1556,63
1557,75
1558,56
1559,66
1560,1
1561,24
1562,9
1563,17
1564,31
1565,52
1566,52
1567,36
1568,58
1569,65
1570,74
1571,78
1572,38
1573,15
1574,79
1575,56
1576,72
1577,95
1578,53
1579,5
1580,23
1581,54
1582,52
1583,96
1584,50
1585,21
1586,58
1587,43
1588,17
1589,83
1590,19
1591,75
1592,22
1593,33
1594,19
1595,59
1596,56
1597,85
1598,82
1599,39
1600,60
1601,95
1602,65
1603,53
1604,68
1605,18
1606,23
1607,42
1608,45
1609,51
1610,36
1611,27
1612,24
1613,17
1614,17
1615,27
1616,8
1617,37
1618,44
1619,21
1620,42
1621,21
1622,46
1623,27
1624,81
1625,61
1626,63
1627,41
1628,16
1629,40
1630,54
1631,70
1632,63
1633,99
1634,4
1635,84
1636,52
1637,0
1638,40
1639,17
1640,52
1641,94
1642,71
1643,66
1644,79
1645,39
1646,26
1647,33
1648,2
1649,39
1650,53
1651,63
1652,20
1653,47
1654,78
1655,13
1656,58
1657,25
1658,10
1659,56
1660,68
1661,38
1662,13
1663,82
1664,12
1665,46
1666,76
1667,67
1668,5
1669,2
1670,75
1671,48
1672,74
1673,99
1674,8
1675,8
1676,2
1677,0
1678,3
1679,7
1680,10
1681,56
1682,84
1683,96
1684,85
1685,69
1686,4
1687,31
1688,74
1689,42
1690,61
1691,94
1692,27
1693,86
1694,85
1695,33
1696,97
1697,4
1698,34
1699,24
1700,56
1701,22
1702,53
1703,29
1704,79
1705,93
1706,53
1707,7
1708,79
1709,37
1710,48
1711,24
1712,92
1713,82
1714,61
1715,21
1716,30
1717,64
1718,52
1719,0
1720,81
1721,26
1722,95
1723,79
1724,52
1725,42
1726,1
1727,30
1728,18
1729,61
1730,36
1731,42
1732,4
1733,88
1734,20
1735,99
1736,37
1737,27
1738,0
1739,44
1740,25
1741,85
1742,54
1743,53
1744,30
1745,76
1746,3
1747,91
1748,49
1749,33
1750,30
1751,44
1752,64
1753,89
1754,38
1755,54
1756,90
1757,34
1758,46
1759,34
1760,14
1761,21
1762,4
1763,52
1764,29
1765,83
1766,40
1767,14
1768,67
1769,49
1770,12
1771,42
1772,27
1773,29
1774,96
1775,31
1776,17
1777,59
1778,46
1779,43
1780,1
1781,82
1782,33
1783,34
1784,86
1785,52
1786,86
1787,63
1788,38
1789,20
1790,89
1791,98
1792,47
1793,91
1794,43
1795,97
1796,64
1797,90
1798,47
1799,34
1800,11
1801,97
1802,68
1803,52
1804,6
1805,79
1806,43
1807,98
1808,86
1809,22
1810,93
1811,24
1812,48
1813,5
1814,69
1815,79
1816,95
1817,15
1818,82
1819,76
1820,31
1821,61
1822,94
1823,77
1824,54
1825,12
1826,73
1827,94
1828,95
1829,48
1830,52
1831,95
1832,49
1833,2
1834,3
1835,17
1836,38
1837,94
1838,24
1839,88
1840,49
1841,74
1842,99
1843,64
1844,73
1845,10
1846,16
1847,75
1848,97
1849,31
1850,25
1851,35
1852,30
1853,21
1854,53
1855,52
1856,56
1857,28
1858,37
1859,53
1860,71
1861,24
1862,94
1863,53
1864,89
1865,36
1866,28
1867,7
1868,76
1869,42
1870,53
1871,87
1872,27
1873,17
1874,40
1875,97
1876,17
1877,6
1878,62
1879,68
1880,7
1881,89
1882,44
1883,66
1884,45
1885,95
1886,13
1887,97
1888,28
1889,60
1890,23
1891,52
1892,24
1893,18
1894,68
1895,28
1896,55
1897,21
1898,59
1899,7
1900,81
1901,42
1902,56
1903,61
1904,17
1905,93
1906,49
1907,81
1908,78
1909,94
1910,40
1911,60
1912,88
1913,89
1914,4
1915,88
1916,91
1917,79
1918,36
1919,85
1920,74
1921,88
1922,56
1923,38
1924,8
1925,0
1926,43
1927,25
1928,39
1929,95
1930,87
1931,69
1932,9
1933,22
1934,27
1935,76
1936,2
1937,97
1938,29
1939,27
1940,72
1941,98
1942,18
1943,36
1944,86
1945,78
1946,89
1947,20
1948,25
1949,74
1950,76
1951,19
1952,63
1953,6
1954,55
1955,99
1956,69
1957,3
1958,34
1959,70
1960,73
1961,31
1962,49
1963,39
1964,42
1965,66
1966,53
1967,70
1968,41
1969,36
1970,22
1971,88
1972,30
1973,27
1974,95
1975,41
1976,48
1977,75
1978,46
1979,98
1980,37
1981,31
1982,22
1983,70
1984,78
1985,86
1986,95
1987,15
1988,95
1989,97
1990,34
1991,43
1992,28
1993,45
1994,42
1995,7
1996,43
1997,10
1998,12
1999,8
2000,92
2001,41
2002,42
2003,74
2004,17
2005,19
2006,99
2007,11
2008,73
2009,50
2010,63
2011,9
2012,45
2013,96
2014,50
2015,53
2016,63
2017,6
2018,92
2019,58
2020,98
2021,21
2022,11
2023,39
2024,49
2025,89
2026,98
2027,3
2028,2
2029,89
2030,95
2031,85
2032,52
2033,48
2034,70
2035,31
2036,72
2037,39
2038,53
2039,42
2040,12
2041,21
2042,38
2043,47
2044,69
2045,32
2046,63
2047,78
2048,88
2049,40
2050,72
2051,38
2052,23
2053,23
2054,30
2055,39
2056,38
2057,55
2058,53
2059,79
2060,12
2061,15
2062,5
2063,17
2064,97
2065,49
2066,48
2067,79
2068,5
2069,0
2070,16
2071,7
2072,45
2073,78
2074,9
2075,27
2076,73
2077,0
2078,19
2079,21
2080,7
2081,84
2082,58
2083,61
2084,85
2085,95
2086,20
2087,52
2088,2
2089,51
2090,43
2091,71
2092,21
2093,78
2094,91
2095,22
2096,87
2097,91
2098,48
2099,79
2100,58
2101,89
2102,38
2103,43
2104,7
2105,72
2106,16
2107,19
2108,20
2109,25
2110,74
2111,49
2112,72
2113,75
2114,56
2115,54
2116,34
2117,30
2118,28
2119,72
2120,41
2121,48
2122,27
2123,89
2124,86
2125,43
2126,2
2127,75
2128,27
2129,86
2130,21
2131,34
2132,36
2133,90
2134,94
2135,71
2136,63
2137,62
2138,95
2139,96
2140,43
2141,95
2142,66
2143,24
2144,59
2145,15
2146,81
2147,42
2148,8
2149,30
2150,52
2151,46
2152,25
2153,68
2154,16
2155,75
2156,26
2157,37
2158,38
2159,52
2160,50
2161,20
2162,40
2163,24
2164,49
2165,49
2166,91
2167,27
2168,51
2169,43
2170,37
2171,89
2172,80
2173,27
2174,26
2175,57
2176,10
2177,89
2178,37
2179,48
2180,3
2181,93
2182,19
2183,56
2184,27
2185,15
2186,69
2187,35
2188,4
2189,27
2190,42
2191,59
2192,19
2193,87
2194,6
2195,94
2196,71
2197,91
2198,25
2199,89
2200,56
2201,14
2202,99
2203,13
2204,5
2205,66
2206,59
2207,69
2208,30
2209,0
2210,1
2211,97
2212,61
2213,43
2214,27
2215,74
2216,24
2217,78
2218,73
2219,97
2220,34
2221,64
2222,26
2223,33
2224,19
2225,67
2226,30
2227,75
2228,90
2229,82
2230,4
2231,15
2232,51
2233,59
2234,82
2235,60
2236,68
2237,78
2238,83
2239,83
2240,41
2241,33
2242,48
2243,82
2244,73
2245,39
2246,28
2247,71
2248,79
2249,43
2250,17
2251,42
2252,17
2253,7
2254,84
2255,6
2256,99
2257,91
2258,68
2259,26
2260,56
2261,63
2262,81
2263,61
2264,43
2265,35
2266,38
2267,89
2268,75
2269,20
2270,47
2271,57
2272,26
2273,69
2274,62
2275,24
2276,63
2277,69
2278,31
2279,30
2280,95
2281,19
2282,44
2283,47
2284,12
2285,37
2286,68
2287,21
2288,47
2289,68
2290,16
2291,19
2292,40
2293,92
2294,22
2295,23
2296,76
2297,81
2298,68
2299,51
2300,43
2301,43
2302,61
2303,26
2304,71
2305,11
2306,95
2307,23
2308,29
2309,3
2310,15
2311,23
2312,80
2313,54
2314,14
2315,19
2316,2
2317,26
2318,77
2319,30
2320,12
2321,58
2322,67
2323,76
2324,95
2325,67
2326,95
2327,26
2328,70
2329,39
2330,55
2331,51
2332,51
2333,28
2334,26
2335,60
2336,34
2337,39
2338,1
2339,64
2340,31
2341,43
2342,65
2343,82
2344,38
2345,97
2346,30
2347,43
2348,25
2349,27
2350,49
2351,36
2352,50
2353,30
2354,69
2355,59
2356,4
2357,42
2358,98
2359,66
2360,31
2361,67
2362,87
2363,32
2364,9
2365,43
2366,38
2367,89
2368,25
2369,90
2370,39
2371,39
2372,37
2373,76
2374,31
2375,0
2376,81
2377,1
2378,5
2379,56
2380,41
2381,1
2382,20
2383,52
2384,4
2385,87
2386,11
2387,78
2388,98
2389,20
2390,32
2391,35
2392,90
2393,69
2394,61
2395,43
2396,58
2397,43
2398,99
2399,60
2400,70
2401,78
2402,96
2403,24
2404,71
2405,33
2406,70
2407,23
2408,52
2409,72
2410,54
2411,33
2412,61
2413,49
2414,53
2415,15
2416,50
2417,3
2418,85
2419,86
2420,77
2421,58
2422,89
2423,95
2424,64
2425,70
2426,0
2427,88
2428,98
2429,74
2430,53
2431,89
2432,94
2433,46
2434,99
2435,5
2436,1
2437,76
2438,63
2439,69
2440,66
2441,31
2442,67
2443,40
2444,67
2445,24
2446,82
2447,23
2448,30
2449,66
2450,30
2451,65
2452,11
2453,94
2454,88
2455,72
2456,43
2457,2
2458,95
2459,54
2460,41
2461,6
2462,3
2463,22
2464,3
2465,64
2466,38
2467,53
2468,21
2469,33
2470,20
2471,63
2472,76
2473,63
2474,23
2475,24
2476,75
2477,79
2478,33
2479,66
2480,4
2481,85
2482,91
2483,84
2484,81
2485,33
2486,38
2487,78
2488,0
2489,19
2490,78
2491,23
2492,85
2493,12
2494,86
2495,37
2496,80
2497,46
2498,22
2499,12
2500,23
2501,76
2502,74
2503,89
2504,60
2505,69
2506,52
2507,1
2508,29
2509,65
2510,9
2511,86
2512,0
2513,74
2514,17
2515,27
2516,62
2517,6
2518,34
2519,51
2520,8
2521,4
2522,67
2523,53
2524,49
2525,45
2526,61
2527,26
2528,90
2529,25
2530,70
2531,52
2532,30
2533,61
2534,74
2535,89
2536,27
2537,24
2538,23
2539,76
2540,51
2541,78
2542,16
2543,27
2544,34
2545,82
2546,97
2547,53
2548,27
2549,68
2550,32
2551,60
2552,2
2553,43
2554,31
2555,72
2556,58
2557,94
2558,81
2559,0
2560,62
2561,26
2562,39
2563,61
2564,74
2565,16
2566,85
2567,27
2568,31
2569,32
2570,42
2571,18
2572,14
2573,74
2574,67
2575,23
2576,20
2577,89
2578,26
2579,51
2580,88
2581,5
2582,25
2583,95
2584,85
2585,74
2586,61
2587,72
2588,60
2589,9
2590,66
2591,13
2592,73
2593,2
2594,52
2595,77
2596,81
2597,64
2598,31
2599,50
2600,35
2601,44
2602,85
2603,13
2604,57
2605,45
2606,66
2607,5
2608,35
2609,81
2610,2
2611,73
2612,96
2613,69
2614,84
2615,50
2616,75
2617,31
2618,30
2619,89
2620,77
2621,54
2622,63
2623,64
2624,89
2625,66
2626,67
2627,39
2628,52
2629,52
2630,43
2631,96
2632,2
2633,36
2634,64
2635,33
2636,81
2637,37
2638,21
2639,85
2640,23
2641,36
2642,66
2643,6
2644,30
2645,70
2646,74
2647,42
2648,0
2649,41
2650,66
2651,16
2652,80
2653,24
2654,47
2655,95
2656,63
2657,21
2658,63
2659,4
2660,12
2661,20
2662,85
2663,6
2664,50
2665,90
2666,51
2667,26
2668,84
2669,75
2670,4
2671,63
2672,59
2673,27
2674,22
2675,89
2676,57
2677,42
2678,44
2679,88
2680,91
2681,22
2682,44
2683,1
2684,20
2685,54
2686,16
2687,42
2688,91
2689,88
2690,37
2691,28
2692,27
2693,53
2694,54
2695,43
2696,71
2697,18
2698,58
2699,59
2700,76
2701,60
2702,21
2703,72
2704,38
2705,21
2706,75
2707,90
2708,19
2709,60
2710,49
2711,50
2712,17
2713,51
2714,78
2715,94
2716,87
2717,5
2718,5
2719,90
2720,24
2721,78
2722,59
2723,91
2724,96
2725,95
2726,89
2727,7
2728,89
2729,39
2730,23
2731,69
2732,72
2733,38
2734,47
2735,60
2736,22
2737,50
2738,75
2739,36
2740,82
2741,88
2742,27
2743,77
2744,81
2745,77
2746,93
2747,45
2748,52
2749,68
2750,44
2751,83
2752,53
2753,56
2754,67
2755,51
2756,36
2757,6
2758,4
2759,15
2760,43
2761,38
2762,94
2763,26
2764,63
2765,23
2766,6
2767,89
2768,38
2769,27
2770,59
2771,36
2772,73
2773,32
2774,51
2775,9
2776,77
2777,48
2778,42
2779,49
2780,11
2781,15
2782,62
2783,7
2784,6
2785,61
2786,27
2787,5
2788,61
2789,40
2790,20
2791,97
2792,23
2793,3
2794,73
2795,68
2796,88
2797,10
2798,65
2799,74
2800,96
2801,59
2802,20
2803,45
2804,70
2805,88
2806,5
2807,63
2808,30
2809,4
2810,60
2811,96
2812,61
2813,68
2814,82
2815,70
2816,5
2817,87
2818,67
2819,20
2820,38
2821,36
2822,9
2823,63
2824,83
2825,50
2826,66
2827,42
2828,97
2829,69
2830,1
2831,82
2832,37
2833,65
2834,15
2835,66
2836,26
2837,39
2838,96
2839,79
2840,86
2841,74
2842,50
2843,40
2844,78
2845,43
2846,35
2847,44
2848,98
2849,63
2850,17
2851,60
2852,79
2853,27
2854,53
2855,85
2856,82
2857,44
2858,21
2859,7
2860,91
2861,88
2862,38
2863,46
2864,21
2865,0
2866,16
2867,84
2868,11
2869,21
2870,43
2871,89
2872,27
2873,31
2874,46
2875,68
2876,47
2877,52
2878,2
2879,3
2880,70
2881,23
2882,58
2883,39
2884,27
2885,59
2886,96
2887,27
2888,34
2889,68
2890,53
2891,27
2892,68
2893,39
2894,83
2895,84
2896,70
2897,21
2898,89
2899,50
2900,21
2901,42
2902,89
2903,53
2904,6
2905,95
2906,14
2907,91
2908,23
2909,42
2910,63
2911,90
2912,38
2913,71
2914,97
2915,94
2916,63
2917,91
2918,83
2919,66
2920,74
2921,99
2922,5
2923,21
2924,97
2925,98
2926,29
2927,24
2928,39
2929,31
2930,66
2931,47
2932,30
2933,97
2934,34
2935,11
2936,22
2937,50
2938,47
2939,44
2940,74
2941,42
2942,19
2943,24
2944,5
2945,94
2946,77
2947,30
2948,15
2949,2
2950,23
2951,41
2952,97
2953,70
2954,17
2955,89
2956,89
2957,40
2958,73
2959,43
2960,0
2961,75
2962,65
2963,54
2964,77
2965,20
2966,24
2967,64
2968,24
2969,71
2970,67
2971,98
2972,82
2973,87
2974,56
2975,14
2976,67
2977,96
2978,61
2979,63
2980,64
2981,39
2982,95
2983,64
2984,1
2985,29
2986,97
2987,16
2988,0
2989,6
2990,43
2991,23
2992,89
2993,7
2994,9
2995,68
2996,39
2997,71
2998,63
2999,23
3000,80
3001,34
3002,40
3003,35
3004,27
3005,0
3006,46
3007,49
3008,14
3009,42
3010,35
3011,46
3012,50
3013,96
3014,92
3015,50
3016,3
3017,90
3018,75
3019,79
3020,37
3021,60
3022,35
3023,15
3024,42
3025,21
3026,13
3027,86
3028,0
3029,7
3030,66
3031,18
3032,33
3033,21
3034,60
3035,78
3036,34
3037,70
3038,42
3039,50
3040,87
3041,64
3042,86
3043,74
3044,8
3045,98
3046,12
3047,27
3048,75
3049,51
3050,74
3051,43
3052,6
3053,94
3054,37
3055,41
3056,47
3057,10
3058,55
3059,83
3060,85
3061,7
3062,11
3063,95
3064,72
3065,67
3066,0
3067,95
3068,46
3069,5
3070,77
3071,73
3072,85
3073,47
3074,39
3075,75
3076,37
3077,69
3078,39
3079,24
3080,87
3081,11
3082,69
3083,85
3084,37
3085,88
3086,31
3087,5
3088,64
3089,6
3090,14
3091,10
3092,26
3093,54
3094,7
3095,5
3096,17
3097,80
3098,40
3099,74
3100,85
3101,40
3102,88
3103,24
3104,42
3105,24
3106,56
3107,82
3108,37
3109,16
3110,17
3111,48
3112,44
3113,4
3114,19
3115,82
3116,97
3117,33
3118,66
3119,86
3120,71
3121,31
3122,9
3123,57
3124,28
3125,43
3126,35
3127,75
3128,62
3129,88
3130,93
3131,78
3132,45
3133,80
3134,1
3135,42
3136,1
3137,71
3138,15
3139,39
3140,79
3141,57
3142,67
3143,4
3144,73
3145,41
3146,46
3147,30
3148,43
3149,94
3150,12
3151,27
3152,71
3153,15
3154,52
3155,27
3156,73
3157,64
3158,30
3159,71
3160,98
3161,74
3162,36
3163,76
3164,47
3165,17
3166,3
3167,76
3168,88
3169,4
3170,63
3171,46
3172,77
3173,49
3174,70
3175,17
3176,63
3177,88
3178,31
3179,88
3180,26
3181,41
3182,79
3183,30
3184,6
3185,66
3186,20
3187,50
3188,26
3189,17
3190,36
3191,98
3192,43
3193,47
3194,41
3195,52
3196,24
3197,91
3198,64
3199,14
3200,97
3201,86
3202,78
3203,20
3204,68
3205,23
3206,1
3207,24
3208,72
3209,78
3210,61
3211,70
3212,97
3213,73
3214,36
3215,84
3216,9
3217,70
3218,52
3219,97
3220,33
3221,67
3222,66
3223,59
3224,46
3225,22
3226,25
3227,54
3228,69
3229,45
3230,41
3231,72
3232,9
3233,26
3234,99
3235,36
3236,58
3237,75
3238,16
3239,56
3240,48
3241,50
3242,37
3243,49
3244,60
3245,43
3246,33
3247,8
3248,30
3249,91
3250,41
3251,90
3252,99
3253,61
3254,74
3255,86
3256,48
3257,36
3258,38
3259,66
3260,45
3261,88
3262,44
3263,23
3264,74
3265,74
3266,96
3267,56
3268,35
3269,79
3270,35
3271,86
3272,30
3273,2
3274,25
3275,44
3276,89
3277,73
3278,27
3279,9
3280,87
3281,11
3282,22
3283,50
3284,58
3285,49
3286,83
3287,91
3288,72
3289,71
3290,76
3291,42
3292,57
3293,20
3294,63
3295,67
3296,95
3297,91
3298,39
3299,6
3300,73
3301,52
3302,69
3303,56
3304,28
3305,91
3306,45
3307,54
3308,83
3309,43
3310,30
3311,82
3312,61
3313,36
3314,79
3315,46
3316,98
3317,95
3318,79
3319,17
3320,87
3321,37
3322,91
3323,60
3324,33
3325,67
3326,14
3327,79
3328,34
3329,77
3330,90
3331,16
3332,91
3333,24
3334,16
3335,78
3336,65
3337,62
3338,97
3339,68
3340,55
3341,41
3342,27
3343,80
3344,45
3345,21
3346,42
3347,39
3348,86
3349,20
3350,85
3351,74
3352,77
3353,1
3354,14
3355,53
3356,85
3357,60
3358,53
3359,58
3360,43
3361,62
3362,43
3363,76
3364,28
3365,97
3366,89
3367,26
3368,34
3369,42
3370,86
3371,48
3372,63
3373,5
3374,13
3375,83
3376,48
3377,48
3378,94
3379,43
3380,4
3381,64
3382,74
3383,68
3384,6
3385,26
3386,82
3387,42
3388,71
3389,31
3390,33
3391,26
3392,12
3393,21
3394,25
3395,54
3396,50
3397,46
3398,85
3399,99
3400,11
3401,85
3402,82
3403,74
3404,3
3405,31
3406,62
3407,8
3408,73
3409,15
3410,12
3411,3
3412,89
3413,83
3414,23
3415,45
3416,96
3417,14
3418,26
3419,69
3420,43
3421,62
3422,37
3423,19
3424,60
3425,36
3426,88
3427,64
3428,66
3429,57
3430,5
3431,28
3432,1
3433,88
3434,8
3435,57
3436,60
3437,2
3438,91
3439,23
3440,56
3441,52
3442,21
3443,56
3444,5
3445,63
3446,24
3447,75
3448,25
3449,26
3450,12
3451,57
3452,86
3453,76
3454,32
3455,49
3456,8
3457,23
3458,76
3459,29
3460,0
3461,75
3462,32
3463,92
3464,52
3465,56
3466,49
3467,8
3468,21
3469,21
3470,27
3471,71
3472,46
3473,3
3474,96
3475,43
3476,60
3477,8
3478,25
3479,26
3480,3
3481,35
3482,52
3483,73
3484,8
3485,2
3486,14
3487,98
3488,73
3489,12
3490,1
3491,47
3492,94
3493,34
3494,23
3495,73
3496,44
3497,53
3498,66
3499,1
3500,12
3501,38
3502,51
3503,29
3504,97
3505,27
3506,57
3507,61
3508,22
3509,19
3510,0
3511,45
3512,62
3513,17
3514,72
3515,79
3516,70
3517,3
3518,0
3519,45
3520,85
3521,62
3522,18
3523,17
3524,40
3525,48
3526,63
3527,39
3528,21
3529,6
3530,95
3531,53
3532,89
3533,97
3534,36
3535,35
3536,90
3537,58
3538,97
3539,59
3540,88
3541,71
3542,24
3543,2
3544,28
3545,2
3546,90
3547,43
3548,9
3549,42
3550,63
3551,52
3552,39
3553,17
3554,1
3555,23
3556,31
3557,11
3558,48
3559,70
3560,95
3561,20
3562,18
3563,99
3564,87
3565,66
3566,11
3567,21
3568,20
3569,80
3570,19
3571,27
3572,23
3573,24
3574,96
3575,87
3576,41
3577,38
3578,74
3579,97
3580,49
3581,98
3582,52
3583,85
3584,15
3585,65
3586,39
3587,73
3588,65
3589,61
3590,66
3591,20
3592,53
3593,69
3594,63
3595,23
3596,48
3597,43
3598,88
3599,11
3600,33
3601,62
3602,54
3603,10
3604,73
3605,19
3606,48
3607,38
3608,34
3609,94
3610,78
3611,67
3612,71
3613,77
3614,24
3615,11
3616,2
3617,30
3618,86
3619,44
3620,44
3621,27
3622,43
3623,87
3624,52
3625,70
3626,51
3627,33
3628,88
3629,25
3630,89
3631,79
3632,57
3633,73
3634,36
3635,52
3636,77
3637,59
3638,24
3639,50
3640,68
3641,85
3642,58
3643,8
3644,89
3645,52
3646,94
3647,60
3648,29
3649,95
3650,86
3651,92
3652,78
3653,21
3654,28
3655,13
3656,74
3657,18
3658,31
3659,78
3660,66
3661,95
3662,93
3663,97
3664,73
3665,64
3666,12
3667,51
3668,38
3669,64
3670,40
3671,41
3672,71
3673,14
3674,75
3675,58
3676,24
3677,15
3678,23
3679,54
3680,43
3681,6
3682,89
3683,22
3684,27
3685,75
3686,26
3687,38
3688,13
3689,46
3690,50
3691,70
3692,42
3693,78
3694,27
3695,86
3696,85
3697,70
3698,8
3699,42
3700,53
3701,81
3702,94
3703,27
3704,61
3705,94
3706,17
3707,32
3708,1
3709,74
3710,12
3711,55
3712,0
3713,64
3714,80
3715,48
3716,85
3717,55
3718,27
3719,12
3720,19
3721,12
3722,14
3723,70
3724,2
3725,0
3726,95
3727,90
3728,61
3729,34
3730,10
3731,97
3732,48
3733,63
3734,43
3735,52
3736,96
3737,23
3738,95
3739,25
3740,37
3741,30
3742,51
3743,69
3744,99
3745,72
3746,33
3747,97
3748,7
3749,64
3750,80
3751,0
3752,0
3753,5
3754,6
3755,81
3756,17
3757,32
3758,56
3759,4
3760,44
3761,32
3762,91
3763,85
3764,56
3765,5
3766,45
3767,73
3768,77
3769,81
3770,82
3771,78
3772,63
3773,56
3774,49
3775,83
3776,62
3777,63
3778,99
3779,74
3780,5
3781,26
3782,79
3783,86
3784,44
3785,55
3786,1
3787,94
3788,74
3789,6
3790,25
3791,96
3792,37
3793,84
3794,54
3795,41
3796,95
3797,76
3798,31
3799,8
3800,49
3801,0
3802,74
3803,64
3804,91
3805,63
3806,94
3807,87
3808,59
3809,21
3810,17
3811,47
3812,74
3813,60
3814,78
3815,45
3816,28
3817,66
3818,52
3819,4
3820,46
3821,85
3822,39
3823,43
3824,63
3825,41
3826,13
3827,39
3828,83
3829,29
3830,74
3831,77
3832,47
3833,68
3834,11
3835,87
3836,22
3837,69
3838,49
3839,75
3840,90
3841,36
3842,59
3843,67
3844,88
3845,21
3846,3
3847,26
3848,33
3849,97
3850,94
3851,69
3852,63
3853,53
3854,38
3855,78
3856,87
3857,48
3858,8
3859,38
3860,73
3861,77
3862,27
3863,73
3864,41
3865,47
3866,27
3867,87
3868,58
3869,98
3870,57
3871,29
3872,30
3873,8
3874,27
3875,31
3876,87
3877,97
3878,90
3879,2
3880,63
3881,78
3882,78
3883,7
3884,15
3885,43
3886,72
3887,81
3888,65
3889,75
3890,73
3891,84
3892,73
3893,48
3894,12
3895,5
3896,7
3897,85
3898,65
3899,74
3900,58
3901,87
3902,79
3903,92
3904,42
3905,60
3906,9
3907,51
3908,15
3909,68
3910,26
3911,71
3912,20
3913,90
3914,7
3915,5
3916,72
3917,59
3918,92
3919,27
3920,37
3921,38
3922,51
3923,63
3924,94
3925,5
3926,40
3927,97
3928,30
3929,93
3930,38
3931,17
3932,1
3933,90
3934,31
3935,67
3936,27
3937,28
3938,23
3939,19
3940,88
3941,87
3942,82
3943,10
3944,33
3945,33
3946,94
3947,13
3948,84
3949,76
3950,17
3951,27
3952,98
3953,62
3954,17
3955,78
3956,24
3957,75
3958,47
3959,14
3960,63
3961,27
3962,56
3963,38
3964,71
3965,96
3966,7
3967,40
3968,42
3969,47
3970,37
3971,41
3972,66
3973,67
3974,41
3975,82
3976,14
3977,60
3978,6
3979,46
3980,11
3981,7
3982,74
3983,4
3984,33
3985,36
3986,48
3987,24
3988,21
3989,75
3990,7
3991,31
3992,60
3993,78
3994,63
3995,6
3996,44
3997,15
3998,21
3999,52
4000,71
4001,1
4002,36
4003,42
4004,66
4005,77
4006,2
4007,76
4008,74
4009,70
4010,20
4011,93
4012,58
4013,98
4014,87
4015,38
4016,30
4017,30
4018,11
4019,85
4020,14
4021,14
4022,51
4023,24
4024,71
4025,49
4026,46
4027,58
4028,48
4029,9
4030,78
4031,94
4032,90
4033,94
4034,87
4035,52
4036,2
4037,61
4038,85
4039,43
4040,74
4041,76
4042,18
4043,35
4044,80
4045,62
4046,43
4047,41
4048,69
4049,66
4050,77
4051,42
4052,62
4053,94
4054,99
4055,29
4056,35
4057,27
4058,42
4059,3
4060,56
4061,20
4062,70
4063,54
4064,75
4065,59
4066,57
4067,55
4068,95
4069,60
4070,74
4071,98
4072,43
4073,96
4074,39
4075,88
4076,88
4077,9
4078,33
4079,99
4080,87
4081,79
4082,88
4083,49
4084,78
4085,67
4086,52
4087,17
4088,49
4089,33
4090,4
4091,26
4092,71
4093,76
4094,21
4095,81
4096,30
4097,14
4098,63
4099,83
4100,0
4101,7
4102,50
4103,82
4104,13
4105,69
4106,8
4107,3
4108,74
4109,89
4110,21
4111,61
4112,70
4113,74
4114,86
4115,76
4116,39
4117,38
4118,63
4119,23
4120,13
4121,68
4122,17
4123,85
4124,49
4125,20
4126,27
4127,75
4128,92
4129,13
4130,60
4131,63
4132,62
4133,17
4134,39
4135,14
4136,85
4137,17
4138,38
4139,20
4140,79
4141,46
4142,49
4143,91
4144,0
4145,50
4146,74
4147,48
4148,26
4149,33
4150,96
4151,45
4152,12
4153,97
4154,43
4155,43
4156,63
4157,4
4158,37
4159,83
4160,23
4161,19
4162,13
4163,5
4164,21
4165,67
4166,40
4167,68
4168,66
4169,73
4170,46
4171,94
4172,68
4173,13
4174,50
4175,92
4176,23
4177,88
4178,35
4179,87
4180,2
4181,21
4182,43
4183,97
4184,64
4185,59
4186,20
4187,21
4188,45
4189,68
4190,78
4191,63
4192,60
4193,69
4194,17
4195,23
4196,81
4197,80
4198,80
4199,25
4200,8
4201,58
4202,30
4203,94
4204,86
4205,24
4206,22
4207,23
4208,98
4209,60
4210,90
4211,8
4212,60
4213,52
4214,20
4215,63
4216,54
4217,53
4218,78
4219,4
4220,30
4221,47
4222,38
4223,86
4224,47
4225,21
4226,5
4227,2
4228,71
4229,54
4230,54
4231,17
4232,96
4233,54
4234,42
4235,69
4236,65
4237,24
4238,63
4239,8
4240,5
4241,36
4242,75
4243,86
4244,30
4245,94
4246,27
4247,46
4248,75
4249,38
4250,31
4251,89
4252,61
4253,80
4254,15
4255,34
4256,25
4257,2
4258,86
4259,20
4260,49
4261,96
4262,30
4263,45
4264,34
4265,16
4266,43
4267,51
4268,18
4269,31
4270,87
4271,27
4272,14
4273,44
4274,72
4275,30
4276,19
4277,50
4278,30
4279,38
4280,79
4281,97
4282,73
4283,86
4284,43
4285,38
4286,89
4287,80
4288,42
4289,0
4290,66
4291,12
4292,27
4293,91
4294,97
4295,36
4296,13
4297,61
4298,77
4299,81
4300,48
4301,61
4302,66
4303,43
4304,42
4305,3
4306,25
4307,13
4308,36
4309,56
4310,60
4311,7
4312,1
4313,43
4314,10
4315,1
4316,41
4317,54
4318,27
4319,7
4320,42
4321,22
4322,81
4323,27
4324,86
4325,69
4326,32
4327,12
4328,36
4329,41
4330,52
4331,61
4332,76
4333,88
4334,9
4335,89
4336,70
4337,89
4338,54
4339,20
4340,0
4341,69
4342,75
4343,97
4344,27
4345,64
4346,53
4347,31
4348,24
4349,43
4350,48
4351,73
4352,89
4353,15
4354,65
4355,28
4356,73
4357,28
4358,60
4359,61
4360,0
4361,16
4362,59
4363,5
4364,7
4365,43
4366,81
4367,61
4368,83
4369,8
4370,59
4371,49
4372,57
4373,26
4374,6
4375,27
4376,82
4377,57
4378,64
4379,90
4380,56
4381,49
4382,94
4383,27
4384,25
4385,43
4386,31
4387,58
4388,56
4389,23
4390,78
4391,1
4392,24
4393,46
4394,64
4395,5
4396,70
4397,74
4398,52
4399,2
4400,24
4401,6
4402,27
4403,53
4404,89
4405,74
4406,68
4407,24
4408,76
4409,84
4410,80
4411,36
4412,75
4413,31
4414,75
4415,15
4416,69
4417,5
4418,24
4419,19
4420,2
4421,68
4422,24
4423,75
4424,75
4425,41
4426,41
4427,75
4428,44
4429,63
4430,50
4431,18
4432,43
4433,0
4434,83
4435,10
4436,7
4437,49
4438,96
4439,54
4440,79
4441,34
4442,50
4443,86
4444,20
4445,36
4446,97
4447,14
4448,99
4449,88
4450,98
4451,4
4452,44
4453,1
4454,79
4455,26
4456,87
4457,18
4458,65
4459,70
4460,52
4461,48
4462,83
4463,48
4464,85
4465,96
4466,94
4467,86
4468,13
4469,27
4470,66
4471,10
4472,7
4473,78
4474,19
4475,22
4476,51
4477,75
4478,75
4479,73
4480,25
4481,75
4482,6
4483,75
4484,2
4485,66
4486,33
4487,48
4488,18
4489,12
4490,13
4491,31
4492,60
4493,18
4494,15
4495,14
4496,43
4497,72
4498,85
4499,47
4500,9
4501,63
4502,62
4503,93
4504,14
4505,97
4506,58
4507,85
4508,17
4509,27
4510,81
4511,86
4512,21
4513,29
4514,34
4515,58
4516,77
4517,33
4518,12
4519,57
4520,94
4521,37
4522,73
4523,65
4524,30
4525,94
4526,2
4527,99
4528,40
4529,97
4530,96
4531,14
4532,63
4533,3
4534,53
4535,91
4536,81
4537,97
4538,84
4539,28
4540,69
4541,74
4542,52
4543,14
4544,98
4545,43
4546,7
4547,95
4548,38
4549,42
4550,21
4551,9
4552,1
4553,52
4554,75
4555,78
4556,60
4557,70
4558,4
4559,69
4560,2
4561,66
4562,61
4563,15
4564,24
4565,34
4566,73
4567,70
4568,5
4569,78
4570,2
4571,73
4572,53
4573,28
4574,36
4575,54
4576,74
4577,66
4578,41
4579,4
4580,95
4581,47
4582,52
4583,59
4584,68
4585,21
4586,10
4587,70
4588,58
4589,20
4590,14
4591,24
4592,30
4593,78
4594,85
4595,86
4596,18
4597,76
4598,68
4599,4
4600,70
4601,32
4602,97
4603,4
4604,18
4605,40
4606,42
4607,61
4608,33
4609,42
4610,89
4611,42
4612,50
4613,0
4614,93
4615,49
4616,7
4617,52
4618,66
4619,99
4620,33
4621,42
4622,6
4623,4
4624,1
4625,29
4626,4
4627,21
4628,3
4629,22
4630,97
4631,94
4632,4
4633,81
4634,66
4635,21
4636,66
4637,6
4638,84
4639,17
4640,0
4641,1
4642,56
4643,30
4644,3
4645,72
4646,61
4647,50
4648,6
4649,72
4650,95
4651,68
4652,72
4653,1
4654,39
4655,92
4656,13
4657,52
4658,90
4659,1
4660,76
4661,71
4662,65
4663,89
4664,59
4665,79
4666,7
4667,27
4668,5
4669,96
4670,68
4671,79
4672,51
4673,42
4674,97
4675,95
4676,14
4677,97
4678,48
4679,43
4680,81
4681,87
4682,60
4683,57
4684,83
4685,96
4686,7
4687,63
4688,58
4689,25
4690,46
4691,89
4692,3
4693,91
4694,48
4695,91
4696,74
4697,57
4698,9
4699,54
4700,74
4701,70
4702,34
4703,43
4704,48
4705,54
4706,34
4707,27
4708,75
4709,29
4710,51
4711,43
4712,33
4713,65
4714,31
4715,3
4716,1
4717,99
4718,93
4719,33
4720,74
4721,88
4722,20
4723,47
4724,26
4725,40
4726,33
4727,34
4728,56
4729,47
4730,52
4731,48
4732,79
4733,74
4734,94
4735,54
4736,47
4737,96
4738,29
4739,49
4740,90
4741,41
4742,42
4743,30
4744,76
4745,21
4746,82
4747,52
4748,27
4749,42
4750,46
4751,42
4752,43
4753,32
4754,19
4755,53
4756,89
4757,31
4758,15
4759,67
4760,0
4761,28
4762,11
4763,71
4764,23
4765,8
4766,36
4767,53
4768,96
4769,59
4770,30
4771,22
4772,48
4773,5
4774,17
4775,14
4776,95
4777,23
4778,63
4779,34
4780,57
4781,24
4782,23
4783,97
4784,12
4785,82
4786,74
4787,43
4788,13
4789,98
4790,26
4791,63
4792,54
4793,12
4794,76
4795,59
4796,24
4797,70
4798,30
4799,86
4800,39
4801,17
4802,13
4803,71
4804,34
4805,73
4806,28
4807,85
4808,27
4809,39
4810,35
4811,61
4812,43
4813,1
4814,22
4815,24
4816,69
4817,38
4818,89
4819,21
4820,27
4821,58
4822,76
4823,0
4824,86
4825,44
4826,95
4827,42
4828,79
4829,23
4830,11
4831,47
4832,7
4833,43
4834,11
4835,6
4836,46
4837,86
4838,85
4839,57
4840,7
4841,23
4842,43
4843,48
4844,33
4845,61
4846,35
4847,40
4848,9
4849,37
4850,27
4851,82
4852,90
4853,98
4854,43
4855,45
4856,97
4857,46
4858,23
4859,22
4860,75
4861,38
4862,84
4863,91
4864,85
4865,15
4866,68
4867,4
4868,91
4869,61
4870,85
4871,80
4872,91
4873,19
4874,19
4875,79
4876,98
4877,27
4878,34
4879,17
4880,87
4881,86
4882,27
4883,85
4884,27
4885,40
4886,2
4887,81
4888,85
4889,19
4890,16
4891,87
4892,48
4893,71
4894,2
4895,44
4896,53
4897,67
4898,48
4899,10
4900,88
4901,38
4902,87
4903,74
4904,17
4905,24
4906,88
4907,66
4908,7
4909,95
4910,25
4911,63
4912,83
4913,56
4914,66
4915,66
4916,60
4917,11
4918,20
4919,67
4920,23
4921,27
4922,10
4923,0
4924,86
4925,59
4926,15
4927,89
4928,40
4929,66
4930,12
4931,96
4932,51
4933,94
4934,87
4935,63
4936,44
4937,78
4938,23
4939,54
4940,73
4941,7
4942,66
4943,18
4944,75
4945,23
4946,18
4947,94
4948,57
4949,63
4950,81
4951,24
4952,99
4953,16
4954,32
4955,59
4956,6
4957,96
4958,90
4959,40
4960,8
4961,6
4962,35
4963,83
4964,93
4965,0
4966,24
4967,49
4968,51
4969,4
4970,75
4971,42
4972,80
4973,37
4974,24
4975,47
4976,21
4977,82
4978,70
4979,8
4980,78
4981,32
4982,1
4983,91
4984,77
4985,79
4986,13
4987,18
4988,61
4989,53
4990,54
4991,34
4992,42
4993,33
4994,97
4995,0
4996,35
4997,55
4998,86
4999,39
5000,56
5001,53
5002,82
5003,48
5004,49
5005,82
5006,71
5007,95
5008,58
5009,19
5010,35
5011,37
5012,39
5013,78
5014,68
5015,13
5016,42
5017,54
5018,68
5019,47
5020,17
5021,1
5022,5
5023,23
5024,25
5025,89
5026,35
5027,43
5028,54
5029,15
5030,9
5031,27
5032,95
5033,44
5034,77
5035,81
5036,76
5037,41
5038,7
5039,23
5040,27
5041,17
5042,76
5043,21
5044,97
5045,49
5046,46
5047,51
5048,86
5049,52
5050,63
5051,74
5052,33
5053,71
5054,77
5055,43
5056,8
5057,8
5058,22
5059,80
5060,66
5061,10
5062,17
5063,37
5064,13
5065,47
5066,5
5067,19
5068,28
5069,51
5070,32
5071,79
5072,63
5073,5
5074,99
5075,27
5076,21
5077,63
5078,64
5079,75
5080,50
5081,85
5082,50
5083,61
5084,34
5085,54
5086,21
5087,22
5088,1
5089,59
5090,21
5091,48
5092,64
5093,69
5094,52
5095,77
5096,20
5097,91
5098,68
5099,43
5100,76
5101,36
5102,7
5103,19
5104,30
5105,30
5106,27
5107,32
5108,57
5109,42
5110,85
5111,27
5112,48
5113,97
5114,48
5115,17
5116,28
5117,35
5118,84
5119,17
5120,21
5121,39
5122,59
5123,14
5124,81
5125,75
5126,69
5127,23
5128,74
5129,89
5130,90
5131,35
5132,31
5133,5
5134,71
5135,97
5136,68
5137,17
5138,78
5139,22
5140,25
5141,89
5142,22
5143,74
5144,58
5145,47
5146,91
5147,98
5148,6
5149,13
5150,27
5151,61
5152,32
5153,68
5154,74
5155,24
5156,21
5157,95
5158,47
5159,28
5160,36
5161,54
5162,48
5163,58
5164,75
5165,4
5166,75
5167,21
5168,99
5169,27
5170,57
5171,8
5172,28
5173,30
5174,46
5175,48
5176,90
5177,36
5178,43
5179,85
5180,34
5181,53
5182,77
5183,35
5184,13
5185,42
5186,60
5187,69
5188,68
5189,89
5190,50
5191,24
5192,49
5193,12
5194,71
5195,87
5196,71
5197,98
5198,4
5199,42
5200,74
5201,81
5202,25
5203,2
5204,41
5205,12
5206,34
5207,74
5208,75
5209,14
5210,23
5211,0
5212,60
5213,22
5214,24
5215,94
5216,48
5217,75
5218,3
5219,43
5220,93
5221,30
5222,24
5223,52
5224,52
5225,49
5226,36
5227,87
5228,30
5229,86
5230,47
5231,42
5232,71
5233,4
5234,99
5235,59
5236,22
5237,52
5238,96
5239,5
5240,60
5241,71
5242,38
5243,74
5244,31
5245,56
5246,24
5247,30
5248,76
5249,27
5250,70
5251,16
5252,21
5253,43
5254,42
5255,32
5256,30
5257,19
5258,10
5259,69
5260,82
5261,14
5262,67
5263,52
5264,71
5265,96
5266,52
5267,60
5268,69
5269,40
5270,61
5271,36
5272,81
5273,25
5274,6
5275,23
5276,26
5277,43
5278,13
5279,42
5280,49
5281,33
5282,53
5283,73
5284,33
5285,88
5286,85
5287,89
5288,79
5289,1
5290,79
5291,97
5292,14
5293,97
5294,81
5295,48
5296,6
5297,92
5298,88
5299,97
5300,54
5301,71
5302,6
5303,47
5304,8
5305,67
5306,0
5307,33
5308,0
5309,0
5310,66
5311,48
5312,50
5313,60
5314,89
5315,16
5316,42
5317,89
5318,78
5319,16
5320,75
5321,37
5322,21
5323,60
5324,40
5325,75
5326,53
5327,80
5328,50
5329,88
5330,96
5331,98
5332,57
5333,94
5334,36
5335,95
5336,64
5337,59
5338,46
5339,27
5340,63
5341,46
5342,48
5343,26
5344,59
5345,98
5346,10
5347,64
5348,50
5349,25
5350,48
5351,45
5352,36
5353,24
5354,19
5355,76
5356,74
5357,61
5358,42
5359,86
5360,42
5361,50
5362,4
5363,27
5364,9
5365,61
5366,77
5367,85
5368,30
5369,5
5370,0
5371,38
5372,26
5373,33
5374,31
5375,51
5376,36
5377,28
5378,27
5379,49
5380,95
5381,63
5382,45
5383,38
5384,60
5385,3
5386,51
5387,94
5388,4
5389,6
5390,82
5391,2
5392,87
5393,26
5394,61
5395,29
5396,27
5397,95
5398,63
5399,39
5400,17
5401,39
5402,79
5403,78
5404,45
5405,78
5406,71
5407,74
5408,36
5409,27
5410,52
5411,28
5412,53
5413,28
5414,45
5415,87
5416,16
5417,39
5418,24
5419,88
5420,30
5421,1
5422,79
5423,12
5424,78
5425,66
5426,86
5427,7
5428,94
5429,85
5430,48
5431,16
5432,85
5433,74
5434,59
5435,51
5436,20
5437,58
5438,53
5439,60
5440,9
5441,44
5442,49
5443,71
5444,57
5445,89
5446,28
5447,73
5448,56
5449,38
5450,70
5451,69
5452,43
5453,43
5454,87
5455,15
5456,24
5457,8
5458,27
5459,60
5460,48
5461,19
5462,73
5463,61
5464,21
5465,12
5466,21
5467,42
5468,95
5469,89
5470,52
5471,74
5472,43
5473,20
5474,43
5475,66
5476,62
5477,76
5478,38
5479,72
5480,74
5481,50
5482,28
5483,38
5484,51
5485,83
5486,48
5487,79
5488,67
5489,65
5490,81
5491,93
5492,87
5493,88
5494,15
5495,41
5496,0
5497,79
5498,75
5499,33
5500,76
5501,43
5502,64
5503,21
5504,4
5505,39
5506,33
5507,19
5508,2
5509,23
5510,38
5511,32
5512,11
5513,63
5514,54
5515,42
5516,15
5517,84
5518,44
5519,31
5520,70
5521,45
5522,86
5523,27
5524,36
5525,31
5526,87
5527,10
5528,59
5529,6
5530,31
5531,87
5532,2
5533,78
5534,43
5535,98
5536,2
5537,68
5538,52
5539,34
5540,74
5541,44
5542,37
5543,65
5544,81
5545,16
5546,42
5547,76
5548,95
5549,32
5550,89
5551,69
5552,70
5553,71
5554,30
5555,86
5556,7
5557,47
5558,6
5559,7
5560,1
5561,60
5562,74
5563,52
5564,93
5565,43
5566,25
5567,23
5568,58
5569,42
5570,38
5571,85
5572,48
5573,82
5574,21
5575,72
5576,96
5577,43
5578,13
5579,42
5580,68
5581,17
5582,87
5583,27
5584,54
5585,67
5586,87
5587,77
5588,75
5589,1
5590,73
5591,63
5592,62
5593,41
5594,53
5595,66
5596,85
5597,69
5598,79
5599,86
5600,93
5601,74
5602,46
5603,20
5604,7
5605,3
5606,63
5607,28
5608,76
5609,31
5610,33
5611,76
5612,48
5613,63
5614,84
5615,31
5616,54
5617,28
5618,27
5619,34
5620,17
5621,74
5622,70
5623,98
5624,86
5625,61
5626,35
5627,51
5628,74
5629,59
5630,68
5631,91
5632,81
5633,30
5634,12
5635,37
5636,35
5637,81
5638,33
5639,14
5640,72
5641,23
5642,72
5643,94
5644,63
5645,47
5646,77
5647,5
5648,41
5649,40
5650,48
5651,96
5652,23
5653,6
5654,58
5655,6
5656,73
5657,60
5658,62
5659,33
5660,68
5661,52
5662,6
5663,66
5664,57
5665,77
5666,94
5667,73
5668,70
5669,59
5670,30
5671,42
5672,72
5673,95
5674,44
5675,0
5676,61
5677,24
5678,56
5679,0
5680,83
5681,3
5682,94
5683,20
5684,54
5685,11
5686,46
5687,69
5688,65
5689,50
5690,8
5691,48
5692,1
5693,59
5694,21
5695,49
5696,89
5697,36
5698,78
5699,20
5700,66
5701,67
5702,66
5703,71
5704,36
5705,86
5706,27
5707,50
5708,54
5709,77
5710,38
5711,6
5712,29
5713,54
5714,32
5715,58
5716,0
5717,21
5718,55
5719,31
5720,91
5721,49
5722,56
5723,33
5724,99
5725,54
5726,34
5727,53
5728,39
5729,93
5730,66
5731,0
5732,13
5733,66
5734,12
5735,1
5736,58
5737,97
5738,13
5739,50
5740,15
5741,77
5742,82
5743,68
5744,4
5745,21
5746,44
5747,43
5748,81
5749,17
5750,30
5751,72
5752,50
5753,1
5754,95
5755,21
5756,58
5757,89
5758,56
5759,79
5760,45
5761,43
5762,9
5763,90
5764,66
5765,56
5766,40
5767,63
5768,94
5769,50
5770,54
5771,79
5772,8
5773,73
5774,2
5775,79
5776,5
5777,95
5778,55
5779,43
5780,91
5781,43
5782,97
5783,97
5784,62
5785,27
5786,64
5787,4
5788,26
5789,70
5790,49
5791,30
5792,24
5793,39
5794,31
5795,95
5796,59
5797,26
5798,2
5799,45
5800,18
5801,27
5802,38
5803,30
5804,73
5805,93
5806,41
5807,0
5808,97
5809,92
5810,9
5811,8
5812,86
5813,81
5814,12
5815,23
5816,60
5817,81
5818,31
5819,86
5820,51
5821,2
5822,59
5823,82
5824,92
5825,94
5826,80
5827,59
5828,98
5829,38
5830,27
5831,31
5832,38
5833,42
5834,58
5835,91
5836,54
5837,56
5838,42
5839,41
5840,62
5841,7
5842,45
5843,97
5844,77
5845,61
5846,52
5847,32
5848,70
5849,28
5850,33
5851,73
5852,15
5853,13
5854,47
5855,48
5856,30
5857,17
5858,1
5859,18
5860,30
5861,82
5862,43
5863,0
5864,60
5865,16
5866,54
5867,7
5868,52
5869,69
5870,63
5871,86
5872,74
5873,74
5874,74
5875,71
5876,85
5877,78
5878,31
5879,28
5880,17
5881,62
5882,66
5883,10
5884,22
5885,0
5886,17
5887,26
5888,71
5889,34
5890,43
5891,99
5892,27
5893,58
5894,28
5895,72
5896,14
5897,14
5898,43
5899,41
5900,0
5901,31
5902,27
5903,65
5904,82
5905,42
5906,70
5907,73
5908,46
5909,30
5910,1
5911,97
5912,27
5913,0
5914,57
5915,38
5916,2
5917,53
5918,12
5919,52
5920,81
5921,2
5922,67
5923,31
5924,38
5925,52
5926,20
5927,71
5928,65
5929,79
5930,61
5931,62
5932,81
5933,31
5934,69
5935,73
5936,40
5937,81
5938,66
5939,69
5940,12
5941,60
5942,67
5943,80
5944,74
5945,34
5946,19
5947,64
5948,91
5949,42
5950,90
5951,23
5952,71
5953,68
5954,55
5955,85
5956,45
5957,89
5958,64
5959,22
5960,6
5961,30
5962,27
5963,27
5964,43
5965,60
5966,27
5967,54
5968,91
5969,81
5970,97
5971,35
5972,27
5973,27
5974,85
5975,70
5976,28
5977,59
5978,61
5979,74
5980,35
5981,55
5982,63
5983,20
5984,72
5985,81
5986,95
5987,5
5988,16
5989,56
5990,24
5991,61
5992,55
5993,54
5994,25
5995,20
5996,10
5997,60
5998,70
5999,74
6000,31
6001,65
6002,35
6003,23
6004,47
6005,59
6006,30
6007,88
6008,94
6009,30
6010,74
6011,17
6012,81
6013,73
6014,62
6015,37
6016,95
6017,30
6018,9
6019,67
6020,82
6021,2
6022,49
6023,35
6024,42
6025,98
6026,88
6027,21
6028,61
6029,72
6030,82
6031,61
6032,47
6033,28
6034,41
6035,14
6036,73
6037,15
6038,70
6039,88
6040,68
6041,86
6042,39
6043,54
6044,15
6045,2
6046,94
6047,70
6048,96
6049,70
6050,70
6051,20
6052,31
6053,45
6054,68
6055,42
6056,99
6057,16
6058,21
6059,28
6060,35
6061,34
6062,52
6063,89
6064,14
6065,24
6066,81
6067,34
6068,39
6069,10
6070,12
6071,40
6072,49
6073,24
6074,87
6075,13
6076,36
6077,87
6078,82
6079,61
6080,74
6081,84
6082,99
6083,17
6084,29
6085,64
6086,80
6087,29
6088,65
6089,9
6090,4
6091,27
6092,97
6093,51
6094,43
6095,57
6096,43
6097,99
6098,88
6099,0
6100,32
6101,58
6102,70
6103,26
6104,31
6105,97
6106,56
6107,23
6108,71
6109,4
6110,46
6111,42
6112,39
6113,21
6114,96
6115,63
6116,37
6117,39
6118,33
6119,31
6120,84
6121,24
6122,97
6123,18
6124,43
6125,96
6126,2
6127,63
6128,79
6129,23
6130,19
6131,39
6132,97
6133,6
6134,99
6135,75
6136,74
6137,52
6138,25
6139,61
6140,21
6141,20
6142,59
6143,43
6144,48
6145,88
6146,44
6147,67
6148,98
6149,12
6150,73
6151,31
6152,43
6153,64
6154,66
6155,6
6156,74
6157,27
6158,67
6159,86
6160,97
6161,87
6162,34
6163,34
6164,56
6165,22
6166,53
6167,70
6168,83
6169,84
6170,67
6171,50
6172,17
6173,95
6174,47
6175,78
6176,87
6177,34
6178,64
6179,49
6180,43
6181,68
6182,30
6183,59
6184,28
6185,55
6186,19
6187,39
6188,23
6189,23
6190,63
6191,87
6192,50
6193,16
6194,75
6195,51
6196,26
6197,36
6198,99
6199,53
6200,85
6201,4
6202,30
6203,75
6204,39
6205,30
6206,1
6207,27
6208,49
6209,66
6210,42
6211,95
6212,24
6213,5
6214,9
6215,66
6216,24
6217,9
6218,78
6219,0
6220,96
6221,26
6222,62
6223,17
6224,61
6225,50
6226,79
6227,36
6228,75
6229,64
6230,35
6231,99
6232,59
6233,20
6234,95
6235,68
6236,47
6237,94
6238,22
6239,9
6240,23
6241,11
6242,4
6243,80
6244,93
6245,20
6246,49
6247,43
6248,73
6249,47
6250,60
6251,28
6252,26
6253,0
6254,25
6255,21
6256,36
6257,29
6258,24
6259,71
6260,52
6261,60
6262,13
6263,57
6264,52
6265,87
6266,85
6267,22
6268,16
6269,22
6270,98
6271,56
6272,62
6273,45
6274,32
6275,60
6276,50
6277,7
6278,34
6279,48
6280,1
6281,23
6282,18
6283,71
6284,44
6285,30
6286,38
6287,67
6288,27
6289,5
6290,43
6291,35
6292,74
6293,42
6294,13
6295,52
6296,1
6297,39
6298,34
6299,86
6300,38
6301,98
6302,36
6303,97
6304,71
6305,30
6306,74
6307,26
6308,74
6309,6
6310,97
6311,72
6312,54
6313,6
6314,73
6315,71
6316,68
6317,98
6318,12
6319,56
6320,74
6321,43
6322,37
6323,86
6324,27
6325,78
6326,88
6327,62
6328,75
6329,16
6330,66
6331,66
6332,52
6333,52
6334,94
6335,66
6336,24
6337,69
6338,41
6339,81
6340,1
6341,84
6342,22
6343,48
6344,7
6345,23
6346,38
6347,65
6348,50
6349,30
6350,2
6351,54
6352,60
6353,21
6354,76
6355,27
6356,54
6357,3
6358,73
6359,4
6360,14
6361,24
6362,59
6363,21
6364,20
6365,79
6366,62
6367,96
6368,81
6369,63
6370,61
6371,61
6372,42
6373,67
6374,98
6375,18
6376,76
6377,27
6378,81
6379,89
6380,45
6381,1
6382,78
6383,1
6384,25
6385,95
6386,98
6387,21
6388,82
6389,75
6390,94
6391,63
6392,68
6393,75
6394,79
6395,42
6396,75
6397,7
6398,89
6399,50
6400,83
6401,42
6402,67
6403,81
6404,30
6405,52
6406,17
6407,76
6408,5
6409,88
6410,54
6411,13
6412,37
6413,94
6414,92
6415,0
6416,48
6417,51
6418,27
6419,39
6420,5
6421,60
6422,31
6423,94
6424,78
6425,68
6426,52
6427,15
6428,4
6429,92
6430,90
6431,40
6432,27
6433,66
6434,19
6435,86
6436,64
6437,55
6438,26
6439,38
6440,9
6441,27
6442,7
6443,42
6444,33
6445,43
6446,4
6447,97
6448,43
6449,48
6450,50
6451,25
6452,32
6453,48
6454,69
6455,78
6456,19
6457,16
6458,32
6459,26
6460,12
6461,23
6462,18
6463,6
6464,58
6465,32
6466,69
6467,33
6468,74
6469,42
6470,32
6471,30
6472,69
6473,48
6474,85
6475,15
6476,62
6477,5
6478,49
6479,52
6480,59
6481,88
6482,22
6483,43
6484,15
6485,86
6486,63
6487,56
6488,99
6489,30
6490,22
6491,20
6492,66
6493,45
6494,21
6495,29
6496,72
6497,91
6498,63
6499,43
6500,22
6501,49
6502,26
6503,84
6504,59
6505,26
6506,85
6507,76
6508,33
6509,29
6510,71
6511,86
6512,94
6513,50
6514,33
6515,63
6516,53
6517,12
6518,27
6519,36
6520,26
6521,88
6522,12
6523,67
6524,88
6525,24
6526,55
6527,42
6528,97
6529,91
6530,25
6531,87
6532,78
6533,36
6534,2
6535,44
6536,53
6537,91
6538,27
6539,43
6540,26
6541,9
6542,96
6543,39
6544,89
6545,29
6546,69
6547,48
6548,56
6549,18
6550,45
6551,62
6552,74
6553,8
6554,33
6555,64
6556,81
6557,68
6558,38
6559,61
6560,77
6561,66
6562,33
6563,60
6564,43
6565,33
6566,42
6567,31
6568,5
6569,49
6570,20
6571,24
6572,68
6573,11
6574,58
6575,51
6576,97
6577,34
6578,65
6579,21
6580,59
6581,46
6582,23
6583,65
6584,86
6585,43
6586,49
6587,92
6588,52
6589,71
6590,10
6591,39
6592,96
6593,23
6594,20
6595,78
6596,23
6597,28
6598,76
6599,31
6600,85
6601,83
6602,9
6603,77
6604,54
6605,38
6606,98
6607,52
6608,25
6609,4
6610,32
6611,2
6612,52
6613,73
6614,87
6615,92
6616,15
6617,46
6618,39
6619,20
6620,52
6621,60
6622,55
6623,5
6624,35
6625,18
6626,27
6627,24
6628,0
6629,15
6630,61
6631,80
6632,74
6633,41
6634,62
6635,71
6636,76
6637,24
6638,30
6639,21
6640,89
6641,53
6642,21
6643,96
6644,30
6645,48
6646,31
6647,82
6648,64
6649,74
6650,71
6651,63
6652,97
6653,58
6654,43
6655,29
6656,86
6657,22
6658,96
6659,18
6660,53
6661,60
6662,6
6663,70
6664,74
6665,32
6666,66
6667,26
6668,6
6669,24
6670,69
6671,67
6672,11
6673,22
6674,49
6675,3
6676,10
6677,1
6678,75
6679,88
6680,73
6681,8
6682,27
6683,54
6684,76
6685,96
6686,31
6687,82
6688,75
6689,61
6690,55
6691,90
6692,42
6693,34
6694,76
6695,84
6696,85
6697,45
6698,2
6699,14
6700,78
6701,1
6702,95
6703,7
6704,64
6705,74
6706,74
6707,30
6708,47
6709,39
6710,99
6711,39
6712,16
6713,88
6714,35
6715,27
6716,2
6717,71
6718,21
6719,28
6720,1
6721,80
6722,55
6723,75
6724,40
6725,37
6726,42
6727,95
6728,74
6729,51
6730,48
6731,65
6732,6
6733,33
6734,5
6735,34
6736,30
6737,14
6738,70
6739,23
6740,16
6741,47
6742,13
6743,58
6744,76
6745,78
6746,97
6747,79
6748,24
6749,86
6750,57
6751,78
6752,66
6753,91
6754,70
6755,83
6756,30
6757,3
6758,35
6759,95
6760,39
6761,98
6762,90
6763,51
6764,48
6765,74
6766,4
6767,42
6768,52
6769,90
6770,77
6771,97
6772,19
6773,52
6774,65
6775,45
6776,12
6777,39
6778,32
6779,79
6780,43
6781,23
6782,41
6783,94
6784,75
6785,37
6786,1
6787,62
6788,31
6789,50
6790,37
6791,12
6792,88
6793,69
6794,77
6795,61
6796,75
6797,24
6798,23
6799,48
6800,24
6801,0
6802,4
6803,77
6804,10
6805,2
6806,0
6807,26
6808,24
6809,94
6810,67
6811,66
6812,17
6813,2
6814,58
6815,4
6816,80
6817,66
6818,44
6819,35
6820,52
6821,62
6822,85
6823,94
6824,37
6825,83
6826,40
6827,0
6828,62
6829,52
6830,2
6831,5
6832,88
6833,54
6834,78
6835,59
6836,96
6837,51
6838,93
6839,62
6840,25
6841,7
6842,1
6843,56
6844,26
6845,82
6846,52
6847,70
6848,48
6849,19
6850,73
6851,77
6852,40
6853,31
6854,27
6855,45
6856,38
6857,57
6858,85
6859,0
6860,5
6861,25
6862,33
6863,25
6864,68
6865,8
6866,89
6867,69
6868,95
6869,43
6870,60
6871,21
6872,70
6873,12
6874,90
6875,2
6876,54
6877,45
6878,61
6879,34
6880,19
6881,68
6882,17
6883,98
6884,81
6885,66
6886,9
6887,99
6888,77
6889,84
6890,61
6891,97
6892,27
6893,10
6894,32
6895,65
6896,70
6897,70
6898,63
6899,9
6900,86
6901,91
6902,26
6903,85
6904,30
6905,22
6906,54
6907,25
6908,23
6909,47
6910,67
6911,51
6912,23
6913,15
6914,7
6915,42
6916,55
6917,38
6918,27
6919,26
6920,81
6921,25
6922,94
6923,16
6924,42
6925,18
6926,52
6927,54
6928,6
6929,12
6930,89
6931,53
6932,72
6933,18
6934,54
6935,36
6936,44
6937,88
6938,31
6939,62
6940,89
6941,65
6942,28
6943,20
6944,92
6945,96
6946,21
6947,41
6948,86
6949,14
6950,56
6951,42
6952,49
6953,71
6954,48
6955,12
6956,45
6957,60
6958,78
6959,40
6960,24
6961,37
6962,86
6963,23
6964,5
6965,51
6966,60
6967,97
6968,72
6969,65
6970,3
6971,8
6972,14
6973,52
6974,96
6975,53
6976,32
6977,7
6978,87
6979,77
6980,46
6981,85
6982,37
6983,52
6984,98
6985,51
6986,54
6987,85
6988,61
6989,75
6990,4
6991,72
6992,96
6993,92
6994,55
6995,5
6996,97
6997,38
6998,39
6999,18
7000,35
7001,91
7002,27
7003,7
7004,42
7005,47
7006,89
7007,83
7008,1
7009,73
7010,8
7011,3
7012,9
7013,21
7014,21
7015,59
7016,38
7017,82
7018,27
7019,6
7020,42
7021,36
7022,14
7023,83
7024,28
7025,70
7026,17
7027,59
7028,97
7029,39
7030,69
7031,96
7032,63
7033,86
7034,88
7035,79
7036,39
7037,35
7038,29
7039,71
7040,45
7041,53
7042,73
7043,85
7044,46
7045,71
7046,25
7047,1
7048,49
7049,14
7050,87
7051,12
7052,86
7053,20
7054,28
7055,29
7056,1
7057,90
7058,41
7059,11
7060,50
7061,46
7062,36
7063,20
7064,57
7065,1
7066,33
7067,36
7068,38
7069,59
7070,48
7071,20
7072,23
7073,42
7074,57
7075,24
7076,2
7077,98
7078,42
7079,21
7080,13
7081,30
7082,24
7083,81
7084,2
7085,63
7086,89
7087,32
7088,7
7089,39
7090,16
7091,6
7092,88
7093,22
7094,21
7095,24
7096,39
7097,1
7098,68
7099,1
7100,60
7101,6
7102,27
7103,23
7104,51
7105,40
7106,3
7107,17
7108,31
7109,48
7110,8
7111,5
7112,27
7113,97
7114,79
7115,38
7116,12
7117,14
7118,30
7119,13
7120,70
7121,85
7122,70
7123,94
7124,26
7125,66
7126,5
7127,63
7128,29
7129,62
7130,2
7131,81
7132,52
7133,15
7134,25
7135,74
7136,16
7137,2
7138,39
7139,62
7140,24
7141,27
7142,27
7143,26
7144,39
7145,68
7146,74
7147,31
7148,95
7149,85
7150,65
7151,95
7152,77
7153,96
7154,76
7155,8
7156,43
7157,19
7158,96
7159,8
7160,48
7161,50
7162,39
7163,35
7164,33
7165,69
7166,14
7167,69
7168,36
7169,72
7170,65
7171,5
7172,86
7173,72
7174,16
7175,89
7176,29
7177,4
7178,57
7179,53
7180,71
7181,51
7182,81
7183,45
7184,61
7185,45
7186,96
7187,58
7188,85
7189,74
7190,57
7191,39
7192,20
7193,38
7194,19
7195,77
7196,44
7197,62
7198,37
7199,62
7200,78
7201,96
7202,75
7203,62
7204,28
7205,27
7206,38
7207,58
7208,99
7209,48
7210,52
7211,37
7212,71
7213,7
7214,60
7215,60
7216,36
7217,71
7218,45
7219,0
7220,19
7221,46
7222,32
7223,5
7224,87
7225,43
7226,75
7227,41
7228,36
7229,42
7230,21
7231,46
7232,47
7233,77
7234,17
7235,65
7236,57
7237,78
7238,92
7239,89
7240,36
7241,30
7242,8
7243,7
7244,28
7245,38
7246,33
7247,17
7248,88
7249,8
7250,72
7251,48
7252,62
7253,76
7254,30
7255,27
7256,29
7257,89
7258,82
7259,81
7260,11
7261,54
7262,8
7263,43
7264,67
7265,97
7266,8
7267,40
7268,10
7269,1
7270,55
7271,26
7272,30
7273,88
7274,5
7275,39
7276,44
7277,24
7278,75
7279,23
7280,87
7281,8
7282,48
7283,74
7284,60
7285,16
7286,48
7287,65
7288,85
7289,48
7290,35
7291,26
7292,67
7293,31
7294,4
7295,26
7296,27
7297,51
7298,15
7299,38
7300,69
7301,3
7302,95
7303,87
7304,72
7305,15
7306,27
7307,36
7308,38
7309,1
7310,2
7311,37
7312,24
7313,92
7314,63
7315,29
7316,60
7317,79
7318,73
7319,5
7320,19
7321,74
7322,73
7323,92
7324,14
7325,21
7326,61
7327,25
7328,82
7329,73
7330,71
7331,61
7332,23
7333,29
7334,4
7335,76
7336,74
7337,68
7338,19
7339,93
7340,24
7341,9
7342,68
7343,75
7344,5
7345,10
7346,35
7347,41
7348,95
7349,47
7350,57
7351,65
7352,31
7353,43
7354,92
7355,21
7356,19
7357,19
7358,10
7359,5
7360,76
7361,70
7362,83
7363,68
7364,64
7365,83
7366,24
7367,42
7368,35
7369,92
7370,4
7371,67
7372,18
7373,34
7374,32
7375,97
7376,13
7377,29
7378,8
7379,45
7380,70
7381,29
7382,19
7383,94
7384,52
7385,7
7386,63
7387,26
7388,85
7389,75
7390,66
7391,85
7392,85
7393,47
7394,75
7395,80
7396,23
7397,60
7398,72
7399,55
7400,22
7401,53
7402,23
7403,6
7404,43
7405,79
7406,18
7407,42
7408,96
7409,1
7410,49
7411,42
7412,29
7413,24
7414,52
7415,9
7416,75
7417,74
7418,57
7419,49
7420,99
7421,83
7422,81
7423,9
7424,0
7425,43
7426,43
7427,27
7428,61
7429,70
7430,40
7431,40
7432,64
7433,74
7434,93
7435,6
7436,28
7437,94
7438,52
7439,86
7440,21
7441,13
7442,70
7443,94
7444,26
7445,4
7446,71
7447,51
7448,24
7449,63
7450,96
7451,60
7452,23
7453,26
7454,64
7455,2
7456,20
7457,62
7458,24
7459,16
7460,26
7461,49
7462,17
7463,7
7464,23
7465,61
7466,73
7467,14
7468,75
7469,94
7470,29
7471,74
7472,54
7473,93
7474,12
7475,34
7476,63
7477,85
7478,33
7479,23
7480,47
7481,13
7482,61
7483,42
7484,85
7485,74
7486,47
7487,11
7488,60
7489,78
7490,21
7491,4
7492,60
7493,52
7494,4
7495,73
7496,96
7497,69
7498,17
7499,11
7500,11
7501,41
7502,91
7503,43
7504,74
7505,92
7506,6
7507,88
7508,13
7509,85
7510,96
7511,27
7512,81
7513,63
7514,59
7515,10
7516,64
7517,25
7518,53
7519,50
7520,50
7521,43
7522,73
7523,54
7524,43
7525,42
7526,71
7527,74
7528,69
7529,64
7530,10
7531,41
7532,71
7533,97
7534,59
7535,20
7536,99
7537,90
7538,52
7539,26
7540,53
7541,3
7542,20
7543,81
7544,86
7545,16
7546,91
7547,45
7548,68
7549,91
7550,75
7551,12
7552,60
7553,81
7554,40
7555,1
7556,92
7557,55
7558,29
7559,85
7560,88
7561,43
7562,8
7563,42
7564,99
7565,23
7566,71
7567,8
7568,60
7569,48
7570,81
7571,16
7572,64
7573,7
7574,71
7575,31
7576,50
7577,15
7578,35
7579,32
7580,45
7581,87
7582,8
7583,97
7584,78
7585,45
7586,62
7587,63
7588,83
7589,22
7590,89
7591,62
7592,22
7593,53
7594,45
7595,52
7596,28
7597,37
7598,54
7599,39
7600,95
7601,7
7602,59
7603,24
7604,94
7605,7
7606,94
7607,94
7608,35
7609,77
7610,96
7611,52
7612,86
7613,97
7614,42
7615,21
7616,82
7617,36
7618,75
7619,42
7620,15
7621,42
7622,65
7623,27
7624,30
7625,50
7626,39
7627,95
7628,81
7629,62
7630,74
7631,52
7632,78
7633,26
7634,0
7635,75
7636,79
7637,8
7638,70
7639,4
7640,48
7641,50
7642,62
7643,14
7644,53
7645,96
7646,81
7647,19
7648,8
7649,68
7650,76
7651,3
7652,45
7653,92
7654,83
7655,0
7656,13
7657,51
7658,39
7659,21
7660,89
7661,13
7662,90
7663,61
7664,96
7665,66
7666,52
7667,97
7668,68
7669,64
7670,4
7671,98
7672,44
7673,27
7674,24
7675,50
7676,88
7677,14
7678,75
7679,53
7680,72
7681,5
7682,98
7683,82
7684,7
7685,97
7686,61
7687,7
7688,27
7689,70
7690,5
7691,97
7692,72
7693,41
7694,94
7695,33
7696,67
7697,39
7698,39
7699,23
7700,38
7701,56
7702,63
7703,60
7704,67
7705,6
7706,24
7707,16
7708,74
7709,17
7710,90
7711,97
7712,50
7713,88
7714,26
7715,91
7716,36
7717,30
7718,41
7719,47
7720,54
7721,13
7722,37
7723,75
7724,4
7725,71
7726,24
7727,98
7728,53
7729,5
7730,57
7731,83
7732,68
7733,61
7734,52
7735,74
7736,69
7737,22
7738,85
7739,25
7740,18
7741,96
7742,11
7743,77
7744,70
7745,70
7746,49
7747,70
7748,87
7749,90
7750,42
7751,55
7752,74
7753,82
7754,83
7755,82
7756,79
7757,97
7758,7
7759,7
7760,39
7761,2
7762,9
7763,75
7764,36
7765,32
7766,17
7767,25
7768,26
7769,73
7770,40
7771,0
7772,33
7773,83
7774,90
7775,50
7776,82
7777,24
7778,80
7779,10
7780,22
7781,22
7782,7
7783,74
7784,10
7785,65
7786,96
7787,43
7788,8
7789,75
7790,53
7791,30
7792,84
7793,44
7794,5
7795,41
7796,10
7797,74
7798,72
7799,17
7800,15
7801,8
7802,23
7803,74
7804,69
7805,36
7806,48
7807,30
7808,55
7809,42
7810,44
7811,4
7812,13
7813,18
7814,92
7815,21
7816,13
7817,4
7818,29
7819,1
7820,91
7821,61
7822,75
7823,12
7824,71
7825,70
7826,35
7827,52
7828,94
7829,89
7830,21
7831,59
7832,57
7833,29
7834,60
7835,15
7836,30
7837,85
7838,26
7839,74
7840,27
7841,63
7842,51
7843,53
7844,60
7845,17
7846,77
7847,33
7848,14
7849,22
7850,9
7851,81
7852,85
7853,32
7854,63
7855,43
7856,23
7857,87
7858,73
7859,43
7860,67
7861,70
7862,8
7863,81
7864,65
7865,43
7866,90
7867,37
7868,23
7869,53
7870,38
7871,48
7872,25
7873,36
7874,13
7875,74
7876,35
7877,37
7878,69
7879,85
7880,16
7881,33
7882,33
7883,10
7884,89
7885,36
7886,69
7887,83
7888,74
7889,85
7890,24
7891,75
7892,39
7893,76
7894,66
7895,94
7896,52
7897,2
7898,85
7899,40
7900,37
7901,84
7902,24
7903,91
7904,74
7905,35
7906,7
7907,83
7908,79
7909,53
7910,23
7911,14
7912,4
7913,86
7914,75
7915,91
7916,6
7917,61
7918,96
7919,76
7920,52
7921,89
7922,49
7923,22
7924,34
7925,4
7926,8
7927,43
7928,30
7929,2
7930,1
7931,23
7932,67
7933,25
7934,36
7935,80
7936,93
7937,25
7938,64
7939,99
7940,82
7941,53
7942,97
7943,97
7944,18
7945,84
7946,75
7947,8
7948,96
7949,8
7950,42
7951,62
7952,78
7953,67
7954,73
7955,2
7956,17
7957,21
7958,74
7959,27
7960,45
7961,60
7962,70
7963,30
7964,56
7965,84
7966,4
7967,44
7968,78
7969,74
7970,23
7971,24
7972,85
7973,42
7974,72
7975,16
7976,88
7977,23
7978,95
7979,45
7980,22
7981,45
7982,86
7983,32
7984,80
7985,86
7986,54
7987,8
7988,85
7989,82
7990,34
7991,82
7992,17
7993,43
7994,55
7995,12
7996,1
7997,24
7998,61
7999,58
8000,79
8001,1
8002,50
8003,99
8004,53
8005,66
8006,33
8007,71
8008,11
8009,4
8010,1
8011,54
8012,35
8013,57
8014,19
8015,88
8016,11
8017,19
8018,35
8019,1
8020,54
8021,61
8022,48
8023,85
8024,60
8025,82
8026,89
8027,18
8028,81
8029,6
8030,96
8031,41
8032,66
8033,26
8034,96
8035,60
8036,25
8037,69
8038,38
8039,47
8040,24
8041,27
8042,74
8043,17
8044,7
8045,0
8046,87
8047,44
8048,30
8049,88
8050,59
8051,66
8052,12
8053,70
8054,38
8055,79
8056,8
8057,80
8058,76
8059,51
8060,86
8061,53
8062,98
8063,63
8064,50
8065,8
8066,65
8067,33
8068,88
8069,35
8070,7
8071,94
8072,16
8073,65
8074,22
8075,16
8076,66
8077,4
8078,2
8079,38
8080,34
8081,69
8082,58
8083,27
8084,64
8085,13
8086,91
8087,84
8088,9
8089,8
8090,28
8091,66
8092,27
8093,70
8094,96
8095,85
8096,36
8097,52
8098,30
8099,70
8100,34
8101,64
8102,31
8103,49
8104,14
8105,75
8106,62
8107,81
8108,37
8109,42
8110,61
8111,69
8112,8
8113,33
8114,24
8115,43
8116,98
8117,51
8118,33
8119,43
8120,1
8121,84
8122,42
8123,61
8124,75
8125,91
8126,58
8127,63
8128,68
8129,71
8130,63
8131,0
8132,34
8133,39
8134,93
8135,0
8136,18
8137,59
8138,98
8139,28
8140,3
8141,89
8142,44
8143,94
8144,27
8145,45
8146,3
8147,58
8148,41
8149,31
8150,94
8151,39
8152,44
8153,45
8154,27
8155,4
8156,43
8157,65
8158,40
8159,11
8160,73
8161,44
8162,66
8163,60
8164,34
8165,87
8166,82
8167,29
8168,43
8169,89
8170,20
8171,63
8172,95
8173,69
8174,60
8175,76
8176,91
8177,63
8178,16
8179,4
8180,53
8181,38
8182,74
8183,48
8184,27
8185,4
8186,33
8187,43
8188,6
8189,66
8190,28
8191,8
8192,99
8193,44
8194,59
8195,61
8196,60
8197,73
8198,61
8199,29
8200,56
8201,97
8202,49
8203,47
8204,70
8205,88
8206,86
8207,87
8208,18
8209,20
8210,4
8211,16
8212,85
8213,64
8214,31
8215,23
8216,64
8217,95
8218,81
8219,7
8220,73
8221,60
8222,21
8223,62
8224,90
8225,87
8226,33
8227,79
8228,90
8229,75
8230,63
8231,15
8232,48
8233,39
8234,99
8235,33
8236,21
8237,24
8238,91
8239,36
8240,18
8241,16
8242,75
8243,83
8244,94
8245,61
8246,85
8247,38
8248,12
8249,1
8250,0
8251,30
8252,84
8253,35
8254,29
8255,7
8256,18
8257,48
8258,81
8259,91
8260,36
8261,4
8262,70
8263,31
8264,24
8265,56
8266,30
8267,10
8268,86
8269,96
8270,96
8271,77
8272,40
8273,34
8274,28
8275,75
8276,13
8277,48
8278,22
8279,67
8280,79
8281,5
8282,43
8283,68
8284,81
8285,33
8286,20
8287,69
8288,30
8289,82
8290,68
8291,62
8292,87
8293,74
8294,74
8295,21
8296,41
8297,71
8298,5
8299,14
8300,48
8301,83
8302,0
8303,70
8304,59
8305,4
8306,24
8307,17
8308,87
8309,9
8310,42
8311,41
8312,23
8313,3
8314,0
8315,32
8316,10
8317,94
8318,38
8319,79
8320,3
8321,75
8322,74
8323,38
8324,66
8325,10
8326,37
8327,0
8328,63
8329,89
8330,43
8331,98
8332,69
8333,31
8334,74
8335,22
8336,71
8337,98
8338,27
8339,95
8340,87
8341,6
8342,39
8343,2
8344,1
8345,3
8346,52
8347,43
8348,92
8349,55
8350,68
8351,18
8352,1
8353,71
8354,96
8355,35
8356,47
8357,90
8358,2
8359,28
8360,49
8361,39
8362,31
8363,6
8364,4
8365,54
8366,97
8367,30
8368,28
8369,39
8370,7
8371,41
8372,78
8373,49
8374,26
8375,11
8376,97
8377,44
8378,82
8379,4
8380,60
8381,74
8382,56
8383,62
8384,32
8385,63
8386,33
8387,95
8388,49
8389,50
8390,33
8391,58
8392,30
8393,75
8394,35
8395,79
8396,24
8397,53
8398,52
8399,6
8400,30
8401,33
8402,8
8403,74
8404,26
8405,34
8406,39
8407,27
8408,52
8409,66
8410,87
8411,87
8412,60
8413,98
8414,16
8415,33
8416,69
8417,41
8418,63
8419,8
8420,79
8421,17
8422,38
8423,93
8424,27
8425,74
8426,6
8427,60
8428,73
8429,21
8430,21
8431,1
8432,58
8433,54
8434,87
8435,86
8436,97
8437,59
8438,14
8439,2
8440,73
8441,85
8442,54
8443,62
8444,99
8445,65
8446,28
8447,42
8448,54
8449,56
8450,69
8451,45
8452,48
8453,39
8454,42
8455,13
8456,49
8457,48
8458,44
8459,71
8460,81
8461,31
8462,28
8463,43
8464,8
8465,35
8466,71
8467,66
8468,66
8469,94
8470,82
8471,48
8472,23
8473,88
8474,73
8475,82
8476,14
8477,76
8478,59
8479,28
8480,70
8481,77
8482,68
8483,52
8484,69
8485,44
8486,16
8487,62
8488,85
8489,12
8490,99
8491,78
8492,40
8493,69
8494,36
8495,23
8496,93
8497,43
8498,32
8499,45
8500,75
8501,22
8502,62
8503,48
8504,34
8505,51
8506,75
8507,40
8508,70
8509,37
8510,28
8511,90
8512,30
8513,43
8514,12
8515,38
8516,30
8517,79
8518,43
8519,75
8520,23
8521,39
8522,56
8523,17
8524,96
8525,96
8526,50
8527,94
8528,36
8529,42
8530,76
8531,94
8532,91
8533,76
8534,60
8535,66
8536,1
8537,0
8538,75
8539,31
8540,30
8541,71
8542,75
8543,52
8544,6
8545,43
8546,7
8547,77
8548,14
8549,51
8550,1
8551,43
8552,53
8553,66
8554,5
8555,56
8556,36
8557,17
8558,40
8559,24
8560,87
8561,50
8562,82
8563,42
8564,61
8565,87
8566,54
8567,24
8568,5
8569,85
8570,17
8571,13
8572,22
8573,86
8574,4
8575,79
8576,99
8577,74
8578,0
8579,39
8580,89
8581,82
8582,14
8583,87
8584,91
8585,72
8586,63
8587,53
8588,72
8589,20
8590,97
8591,35
8592,28
8593,34
8594,27
8595,70
8596,13
8597,7
8598,15
8599,24
8600,76
8601,98
8602,64
8603,79
8604,38
8605,47
8606,47
8607,32
8608,67
8609,81
8610,26
8611,70
8612,30
8613,60
8614,70
8615,2
8616,82
8617,33
8618,20
8619,7
8620,64
8621,62
8622,11
8623,17
8624,96
8625,42
8626,47
8627,48
8628,79
8629,74
8630,97
8631,57
8632,63
8633,68
8634,74
8635,64
8636,16
8637,96
8638,13
8639,20
8640,18
8641,29
8642,63
8643,62
8644,9
8645,38
8646,4
8647,42
8648,12
8649,1
8650,74
8651,33
8652,1
8653,84
8654,56
8655,90
8656,0
8657,33
8658,55
8659,68
8660,30
8661,8
8662,21
8663,87
8664,45
8665,18
8666,24
8667,88
8668,28
8669,63
8670,12
8671,53
8672,4
8673,27
8674,67
8675,79
8676,98
8677,93
8678,37
8679,42
8680,39
8681,31
8682,69
8683,47
8684,5
8685,71
8686,27
8687,63
8688,1
8689,82
8690,48
8691,97
8692,44
8693,13
8694,31
8695,42
8696,23
8697,85
8698,80
8699,53
8700,31
8701,51
8702,64
8703,23
8704,29
8705,61
8706,5
8707,64
8708,99
8709,23
8710,19
8711,21
8712,48
8713,97
8714,27
8715,43
8716,60
8717,12
8718,24
8719,17
8720,28
8721,29
8722,23
8723,82
8724,83
8725,62
8726,53
8727,73
8728,7
8729,59
8730,82
8731,43
8732,15
8733,68
8734,68
8735,36
8736,82
8737,75
8738,89
8739,8
8740,94
8741,76
8742,24
8743,21
8744,49
8745,96
8746,53
8747,36
8748,63
8749,5
8750,27
8751,32
8752,96
8753,20
8754,29
8755,36
8756,69
8757,87
8758,26
8759,34
8760,60
8761,91
8762,24
8763,48
8764,23
8765,36
8766,99
8767,0
8768,56
8769,6
8770,69
8771,30
8772,39
8773,26
8774,42
8775,61
8776,21
8777,95
8778,88
8779,61
8780,27
8781,69
8782,1
8783,68
8784,67
8785,82
8786,25
8787,74
8788,51
8789,52
8790,79
8791,70
8792,21
8793,88
8794,96
8795,87
8796,60
8797,88
8798,76
8799,88
8800,43
8801,6
8802,0
8803,2
8804,84
8805,79
8806,22
8807,71
8808,50
8809,72
8810,60
8811,73
8812,9
8813,75
8814,5
8815,72
8816,51
8817,67
8818,76
8819,51
8820,45
8821,80
8822,40
8823,52
8824,42
8825,7
8826,85
8827,30
8828,14
8829,51
8830,79
8831,43
8832,99
8833,87
8834,43
8835,29
8836,27
8837,64
8838,83
8839,55
8840,24
8841,53
8842,42
8843,78
8844,31
8845,84
8846,95
8847,63
8848,27
8849,71
8850,50
8851,86
8852,64
8853,4
8854,38
8855,70
8856,55
8857,17
8858,99
8859,3
8860,32
8861,57
8862,61
8863,36
8864,88
8865,98
8866,47
8867,82
8868,22
8869,95
8870,4
8871,56
8872,63
8873,33
8874,67
8875,15
8876,60
8877,29
8878,41
8879,45
8880,62
8881,82
8882,36
8883,37
8884,31
8885,47
8886,75
8887,15
8888,29
8889,94
8890,27
8891,35
8892,95
8893,85
8894,24
8895,29
8896,85
8897,0
8898,65
8899,51
8900,82
8901,87
8902,95
8903,53
8904,42
8905,94
8906,89
8907,69
8908,93
8909,26
8910,43
8911,71
8912,31
8913,33
8914,73
8915,75
8916,85
8917,47
8918,97
8919,53
8920,89
8921,42
8922,46
8923,13
8924,92
8925,53
8926,15
8927,66
8928,45
8929,48
8930,43
8931,22
8932,40
8933,60
8934,27
8935,98
8936,59
8937,52
8938,30
8939,83
8940,4
8941,0
8942,89
8943,71
8944,68
8945,52
8946,86
8947,90
8948,35
8949,97
8950,83
8951,52
8952,16
8953,58
8954,65
8955,96
8956,86
8957,47
8958,13
8959,71
8960,74
8961,6
8962,51
8963,79
8964,74
8965,64
8966,58
8967,31
8968,43
8969,38
8970,81
8971,39
8972,28
8973,42
8974,43
8975,88
8976,53
8977,51
8978,23
8979,47
8980,53
8981,48
8982,7
8983,56
8984,51
8985,82
8986,58
8987,30
8988,81
8989,59
8990,75
8991,69
8992,81
8993,90
8994,39
8995,62
8996,90
8997,3
8998,23
8999,40
9000,28
9001,53
9002,88
9003,20
9004,4
9005,33
9006,60
9007,88
9008,69
9009,14
9010,86
9011,6
9012,26
9013,12
9014,15
9015,37
9016,57
9017,48
9018,43
9019,89
9020,73
9021,4
9022,38
9023,39
9024,21
9025,96
9026,11
9027,22
9028,84
9029,30
9030,90
9031,30
9032,98
9033,21
9034,70
9035,12
9036,27
9037,74
9038,58
9039,89
9040,84
9041,64
9042,74
9043,68
9044,9
9045,91
9046,93
9047,75
9048,85
9049,71
9050,34
9051,78
9052,9
9053,82
9054,72
9055,76
9056,20
9057,60
9058,37
9059,94
9060,63
9061,72
9062,14
9063,94
9064,10
9065,77
9066,43
9067,24
9068,63
9069,60
9070,6
9071,62
9072,25
9073,74
9074,85
9075,67
9076,63
9077,23
9078,42
9079,43
9080,78
9081,58
9082,1
9083,83
9084,23
9085,27
9086,56
9087,20
9088,7
9089,20
9090,30
9091,52
9092,19
9093,38
9094,40
9095,27
9096,26
9097,0
9098,56
9099,47
9100,14
9101,52
9102,10
9103,5
9104,6
9105,89
9106,49
9107,9
9108,67
9109,43
9110,34
9111,63
9112,63
9113,19
9114,72
9115,79
9116,24
9117,56
9118,21
9119,61
9120,14
9121,30
9122,39
9123,82
9124,16
9125,43
9126,84
9127,17
9128,22
9129,27
9130,28
9131,68
9132,41
9133,32
9134,63
9135,25
9136,37
9137,1
9138,51
9139,10
9140,31
9141,46
9142,43
9143,20
9144,19
9145,36
9146,70
9147,62
9148,43
9149,87
9150,67
9151,62
9152,44
9153,99
9154,96
9155,90
9156,16
9157,96
9158,21
9159,24
9160,71
9161,97
9162,43
9163,14
9164,23
9165,68
9166,1
9167,37
9168,22
9169,37
9170,21
9171,57
9172,22
9173,87
9174,82
9175,49
9176,38
9177,10
9178,29
9179,38
9180,84
9181,41
9182,63
9183,94
9184,27
9185,91
9186,94
9187,97
9188,50
9189,19
9190,44
9191,87
9192,83
9193,4
9194,75
9195,91
9196,34
9197,7
9198,45
9199,23
9200,0
9201,74
9202,91
9203,48
9204,66
9205,96
9206,16
9207,54
9208,79
9209,96
9210,68
9211,52
9212,38
9213,50
9214,56
9215,30
9216,71
9217,23
9218,42
9219,60
9220,79
9221,0
9222,56
9223,74
9224,35
9225,91
9226,2
9227,32
9228,92
9229,10
9230,76
9231,86
9232,89
9233,30
9234,27
9235,93
9236,31
9237,17
9238,42
9239,91
9240,11
9241,88
9242,69
9243,50
9244,18
9245,84
9246,23
9247,85
9248,3
9249,99
9250,44
9251,76
9252,81
9253,8
9254,62
9255,85
9256,18
9257,7
9258,73
9259,89
9260,4
9261,42
9262,39
9263,26
9264,36
9265,63
9266,43
9267,11
9268,48
9269,82
9270,16
9271,60
9272,75
9273,92
9274,62
9275,21
9276,48
9277,59
9278,11
9279,42
9280,50
9281,60
9282,75
9283,75
9284,38
9285,74
9286,33
9287,17
9288,89
9289,62
9290,15
9291,63
9292,63
9293,23
9294,83
9295,64
9296,35
9297,62
9298,17
9299,36
9300,73
9301,22
9302,56
9303,57
9304,88
9305,14
9306,71
9307,94
9308,67
9309,85
9310,41
9311,52
9312,54
9313,85
9314,43
9315,82
9316,95
9317,23
9318,78
9319,96
9320,52
9321,85
9322,53
9323,6
9324,80
9325,63
9326,29
9327,85
9328,91
9329,39
9330,40
9331,5
9332,44
9333,88
9334,94
9335,27
9336,59
9337,2
9338,54
9339,46
9340,56
9341,75
9342,52
9343,76
9344,20
9345,48
9346,39
9347,9
9348,81
9349,38
9350,5
9351,3
9352,50
9353,43
9354,5
9355,96
9356,6
9357,69
9358,97
9359,38
9360,6
9361,75
9362,15
9363,29
9364,11
9365,20
9366,23
9367,21
9368,3
9369,42
9370,42
9371,83
9372,1
9373,27
9374,86
9375,39
9376,74
9377,58
9378,9
9379,35
9380,37
9381,43
9382,74
9383,95
9384,61
9385,62
9386,37
9387,25
9388,58
9389,96
9390,1
9391,30
9392,56
9393,21
9394,60
9395,89
9396,82
9397,99
9398,31
9399,52
9400,64
9401,72
9402,32
9403,79
9404,23
9405,27
9406,42
9407,37
9408,98
9409,20
9410,38
9411,52
9412,5
9413,23
9414,25
9415,63
9416,52
9417,26
9418,31
9419,66
9420,99
9421,39
9422,30
9423,23
9424,78
9425,59
9426,15
9427,47
9428,9
9429,58
9430,80
9431,82
9432,31
9433,43
9434,67
9435,45
9436,44
9437,3
9438,59
9439,59
9440,54
9441,74
9442,51
9443,92
9444,22
9445,85
9446,78
9447,58
9448,10
9449,53
9450,78
9451,47
9452,5
9453,43
9454,89
9455,63
9456,77
9457,67
9458,85
9459,63
9460,45
9461,93
9462,21
9463,78
9464,74
9465,87
9466,3
9467,87
9468,63
9469,41
9470,70
9471,36
9472,21
9473,32
9474,89
9475,2
9476,85
9477,57
9478,87
9479,21
9480,87
9481,71
9482,92
9483,27
9484,74
9485,70
9486,8
9487,24
9488,21
9489,61
9490,88
9491,81
9492,95
9493,83
9494,27
9495,85
9496,34
9497,24
9498,44
9499,23
9500,85
9501,28
9502,64
9503,6
9504,81
9505,44
9506,87
9507,27
9508,50
9509,41
9510,52
9511,31
9512,26
9513,52
9514,60
9515,71
9516,12
9517,67
9518,81
9519,24
9520,70
9521,73
9522,15
9523,21
9524,1
9525,34
9526,21
9527,28
9528,55
9529,91
9530,76
9531,97
9532,82
9533,50
9534,5
9535,75
9536,5
9537,41
9538,51
9539,8
9540,73
9541,74
9542,81
9543,63
9544,53
9545,23
9546,81
9547,86
9548,78
9549,71
9550,28
9551,75
9552,35
9553,83
9554,79
9555,16
9556,8
9557,7
9558,61
9559,86
9560,87
9561,7
9562,65
9563,62
9564,49
9565,70
9566,53
9567,7
9568,74
9569,61
9570,91
9571,23
9572,89
9573,63
9574,6
9575,42
9576,5
9577,30
9578,4
9579,35
9580,36
9581,38
9582,2
9583,90
9584,90
9585,43
9586,61
9587,97
9588,53
9589,1
9590,43
9591,55
9592,61
9593,20
9594,87
9595,5
9596,85
9597,23
9598,3
9599,68
9600,20
9601,49
9602,67
9603,87
9604,16
9605,41
9606,64
9607,44
9608,25
9609,51
9610,62
9611,25
9612,43
9613,43
9614,85
9615,48
9616,2
9617,5
9618,24
9619,63
9620,12
9621,56
9622,99
9623,67
9624,99
9625,11
9626,76
9627,50
9628,30
9629,53
9630,67
9631,68
9632,5
9633,70
9634,23
9635,40
9636,95
9637,40
9638,30
9639,62
9640,24
9641,23
9642,78
9643,96
9644,67
9645,43
9646,8
9647,37
9648,86
9649,80
9650,27
9651,60
9652,6
9653,23
9654,48
9655,16
9656,57
9657,94
9658,30
9659,26
9660,43
9661,1
9662,58
9663,4
9664,23
9665,74
9666,46
9667,42
9668,95
9669,61
9670,99
9671,86
9672,53
9673,48
9674,94
9675,52
9676,25
9677,37
9678,85
9679,63
9680,64
9681,82
9682,27
9683,46
9684,98
9685,37
9686,34
9687,47
9688,52
9689,67
9690,53
9691,74
9692,33
9693,83
9694,31
9695,81
9696,40
9697,95
9698,53
9699,38
9700,59
9701,4
9702,81
9703,92
9704,13
9705,24
9706,12
9707,72
9708,75
9709,97
9710,78
9711,82
9712,67
9713,31
9714,5
9715,47
9716,9
9717,73
9718,69
9719,36
9720,24
9721,25
9722,95
9723,37
9724,61
9725,83
9726,69
9727,98
9728,63
9729,80
9730,33
9731,62
9732,21
9733,35
9734,94
9735,24
9736,8
9737,53
9738,96
9739,33
9740,26
9741,39
9742,6
9743,64
9744,50
9745,3
9746,41
9747,66
9748,43
9749,27
9750,45
9751,55
9752,32
9753,25
9754,74
9755,9
9756,27
9757,8
9758,19
9759,21
9760,77
9761,56
9762,65
9763,46
9764,66
9765,23
9766,39
9767,25
9768,97
9769,1
9770,25
9771,52
9772,85
9773,90
9774,46
9775,82
9776,38
9777,21
9778,51
9779,79
9780,34
9781,18
9782,73
9783,65
9784,2
9785,96
9786,71
9787,63
9788,86
9789,98
9790,97
9791,28
9792,18
9793,49
9794,62
9795,30
9796,52
9797,4
9798,33
9799,81
9800,84
9801,81
9802,87
9803,21
9804,80
9805,64
9806,24
9807,48
9808,17
9809,81
9810,88
9811,4
9812,24
9813,38
9814,40
9815,13
9816,35
9817,85
9818,63
9819,76
9820,78
9821,59
9822,49
9823,30
9824,60
9825,79
9826,51
9827,72
9828,39
9829,38
9830,21
9831,53
9832,35
9833,48
9834,86
9835,13
9836,31
9837,56
9838,84
9839,2
9840,61
9841,24
9842,6
9843,11
9844,45
9845,44
9846,27
9847,91
9848,91
9849,0
9850,98
9851,63
9852,9
9853,50
9854,60
9855,33
9856,86
9857,81
9858,34
9859,73
9860,23
9861,77
9862,57
9863,82
9864,35
9865,70
9866,69
9867,69
9868,91
9869,59
9870,93
9871,37
9872,0
9873,20
9874,6
9875,7
9876,82
9877,79
9878,85
9879,30
9880,87
9881,75
9882,48
9883,19
9884,62
9885,44
9886,97
9887,35
9888,53
9889,42
9890,30
9891,53
9892,28
9893,74
9894,24
9895,68
9896,95
9897,1
9898,2
9899,36
9900,52
9901,99
9902,27
9903,85
9904,0
9905,23
9906,64
9907,89
9908,83
9909,31
9910,86
9911,74
9912,79
9913,73
9914,63
9915,64
9916,89
9917,85
9918,89
9919,69
9920,82
9921,21
9922,89
9923,60
9924,68
9925,76
9926,4
9927,58
9928,8
9929,85
9930,81
9931,30
9932,78
9933,88
9934,27
9935,71
9936,27
9937,12
9938,92
9939,48
9940,82
9941,38
9942,66
9943,47
9944,74
9945,33
9946,39
9947,4
9948,31
9949,63
9950,96
9951,27
9952,38
9953,27
9954,95
9955,54
9956,53
9957,88
9958,65
9959,73
9960,8
9961,66
9962,6
9963,86
9964,19
9965,97
9966,78
9967,21
9968,14
9969,89
9970,18
9971,25
9972,10
9973,49
9974,81
9975,14
9976,77
9977,92
9978,21
9979,27
9980,30
9981,52
9982,97
9983,74
9984,59
9985,90
9986,14
9987,77
9988,31
9989,7
9990,75
9991,30
9992,45
9993,30
9994,74
9995,92
9996,63
9997,51
9998,42
9999,45
